Ticker,Perf Week,Perf Month,Perf Quart,Perf Half,Perf Year,Perf YTD,Volatility W,Volatility M,Recom,Avg Volume,Rel Volume,Price_perf,Change,Volume,Company,Sector,Industry,Market Cap,P/E,Price_overview,Country,Perf Week_Rank,Perf Month_Rank,Perf Quart_Rank,Perf Half_Rank,Perf Year_Rank,Perf YTD_Rank,Short_Term_Strength,ST_Rank,Long_Term_Strength,LT_Rank,Overall_Strength,Overall_Rank,Consistency,Sector_Rank
RGC,0.0983,13.4802,97.1111,65.8939,85.5686,88.3725,0.16210000000000002,0.26289999999999997,,708970.0,0.03,441.5,0.0639,18688.0,Regencell Bioscience Holdings Ltd,Healthcare,Drug Manufacturers - Specialty & Generic,5750000000.0,,441.5,Hong Kong,79.60069444444444,99.91319444444444,100.0,99.91023339317773,100.0,100.0,6.78925,99.82638888888889,82.85786666666667,100.0,58.42076666666667,100.0,100.0,1.0
KDLY,0.7994,13.0112,9.5678,27.0193,,19.1129,0.1612,0.32939999999999997,,2690000.0,3.79,24.94,0.0924,10209446.0,Kindly MD Inc,Healthcare,Medical Care Facilities,150140000.0,,24.94,USA,98.95833333333334,99.82638888888889,99.73614775725594,99.82046678635548,,99.73958333333334,6.9053,99.91319444444444,18.29355,99.8240985048373,13.90212,99.73958333333334,100.0,2.0
RGLS,0.0076,2.102,5.0382,4.5704,2.9353,4.0063,0.0060999999999999995,0.19820000000000002,2.67,1920000.0,0.36,7.91,-0.0013,696462.0,Regulus Therapeutics Inc,Healthcare,Biotechnology,547640000.0,,7.91,USA,53.55902777777778,98.4375,99.56024626209323,99.10233393177738,97.41697416974169,99.56597222222221,1.0548,97.65625,4.181299999999999,99.29639401934917,3.1099666666666668,99.39236111111111,100.0,3.0
BSGM,0.6667000000000001,5.640599999999999,3.5946,1.2251,1.4011000000000002,1.8523,0.0876,0.0855,1.0,421580.0,4.74,4.25,0.2879,1999654.0,Biosig Technologies Inc,Healthcare,Medical Devices,116000000.0,,4.25,USA,98.26388888888889,99.65277777777779,99.12049252418646,94.43447037701975,92.619926199262,97.56944444444444,3.15365,99.47916666666666,2.0736000000000003,97.36147757255937,2.396733333333333,98.95833333333334,100.0,4.0
VIGL,2.3966,3.3536,1.6007,1.6803,1.2579,3.6353,0.6269,0.2814,2.25,154550.0,229.87,7.88,2.4112999999999998,35525789.0,Vigil Neuroscience Inc,Healthcare,Biotechnology,367770000.0,,7.88,USA,99.82638888888889,99.21875,97.53737906772207,95.78096947935369,91.69741697416974,99.39236111111111,2.8750999999999998,99.39236111111111,1.5129666666666666,95.86631486367634,2.320733333333333,98.69791666666666,100.0,5.0
RPID,0.0294,0.3636,-0.0187,1.9717,2.7952,2.5,0.0278,0.0625,1.0,384590.0,0.17,3.15,-0.0032,65458.0,Rapid Micro Biosystems Inc,Healthcare,Medical Devices,138070000.0,,3.15,USA,64.32291666666666,74.04513888888889,45.73438874230431,96.76840215439856,97.04797047970479,98.87152777777779,0.19649999999999998,70.13888888888889,1.5827333333333333,96.1301671064204,1.2735333333333332,96.26736111111111,83.3,6.0
INZY,1.7887,3.0383,2.168,0.375,-0.1628,0.4296,0.0083,0.2465,2.75,1860000.0,1.07,3.96,0.0025,1988726.0,Inozyme Pharma Inc,Healthcare,Biotechnology,255670000.0,,3.96,USA,99.609375,99.08854166666666,98.4608619173263,80.9245960502693,37.776752767527675,86.93576388888889,2.4135,99.08854166666666,0.7934000000000001,91.42480211081794,1.2728,96.13715277777779,83.3,7.5
INZY,1.7887,3.0383,2.168,0.375,-0.1628,0.4296,0.0083,0.2465,2.75,1860000.0,1.07,3.96,0.0025,1988726.0,Inozyme Pharma Inc,Healthcare,Biotechnology,255670000.0,,3.96,USA,99.609375,99.08854166666666,98.4608619173263,80.9245960502693,37.776752767527675,86.93576388888889,2.4135,99.08854166666666,0.7934000000000001,91.42480211081794,1.2728,96.13715277777779,83.3,7.5
ETON,0.0279,0.3081,0.3956,1.0189,4.5632,0.5203,0.0183,0.037599999999999995,1.0,259410.00000000003,1.33,20.25,0.0005,345879.0,Eton Pharmaceuticals Inc,Healthcare,Drug Manufacturers - Specialty & Generic,543060000.0,,20.25,USA,63.411458333333336,65.75520833333334,89.62181178540017,93.44703770197486,98.43173431734317,89.40972222222221,0.16799999999999998,62.06597222222222,1.9925666666666668,97.18557607739666,1.139,95.57291666666666,100.0,9.0
PRE,0.9387,1.4809,1.0981,1.3337,0.8615,0.9353,0.1241,0.0784,1.0,13320.0,9.17,11.23,0.3875,122244.0,Prenetics Global Limited,Healthcare,Diagnostics & Research,146300000.0,,11.23,Hong Kong,99.21875,97.30902777777779,96.30606860158312,94.61400359066428,88.19188191881919,95.13888888888889,1.2098,98.00347222222221,1.0977666666666666,93.84344766930519,1.1080333333333334,95.3125,100.0,10.0
CTMX,0.065,1.917,1.7308,1.4676,0.1094,1.068,0.04,0.2064,1.6,5130000.0,0.73,2.13,0.0441,3719606.0,CytomX Therapeutics Inc,Healthcare,Biotechnology,335570000.0,4.3,2.13,USA,73.17708333333334,98.17708333333334,97.97713280562886,94.97307001795332,59.132841328413285,95.74652777777779,0.991,97.56944444444444,1.1026,94.0193491644679,1.0596333333333332,94.79166666666666,100.0,11.0
CTEV,0.0658,0.3119,-0.0044,3.9157,0.3345,0.9723,0.0196,0.0416,2.33,93170.0,1.14,29.15,0.0129,106211.0,Claritev Corp,Healthcare,Health Information Services,479120000.0,,29.15,USA,73.35069444444444,66.75347222222221,48.10905892700088,98.56373429084381,73.33948339483395,95.22569444444444,0.18885000000000002,67.53472222222221,1.4152666666666667,95.69041336851363,0.9326333333333334,94.27083333333334,83.3,12.0
MBOT,-0.0375,0.2355999999999999,0.6164000000000001,1.8476,1.5708000000000002,1.2946,0.032400000000000005,0.0404,1.0,2390000.0,0.43,2.57,0.0118,1028134.0,Microbot Medical Inc,Healthcare,Medical Instruments & Supplies,93490000.0,,2.57,USA,18.53298611111111,47.00520833333333,93.13984168865436,96.40933572710951,93.63468634686348,96.61458333333334,0.09904999999999994,34.54861111111111,1.3449333333333335,95.33861037818822,0.92125,94.18402777777779,83.3,13.0
QNTM,0.3354999999999999,0.7787000000000001,0.9615,1.4837,-0.4629,2.3207,0.1091,0.075,1.0,578730.0,0.37,12.22,-0.006500000000000001,212428.0,Quantum BioPharma Ltd,Healthcare,Drug Manufacturers - Specialty & Generic,28110000.0,,12.22,Canada,95.61631944444444,93.48958333333334,95.69041336851363,95.06283662477558,16.789667896678967,98.35069444444444,0.5570999999999999,94.53125,0.6607666666666666,88.74230430958663,0.9028666666666667,93.75,83.3,14.0
LFMD,0.1892,0.9759,1.1062,1.1863,0.4557,1.3232,0.0338,0.09140000000000001,1.22,1770000.0,1.13,11.5,0.0678,2008186.0,LifeMD Inc,Healthcare,Health Information Services,522650000.0,,11.5,USA,88.80208333333334,95.83333333333334,96.48197009674581,94.16517055655295,79.70479704797047,96.70138888888889,0.58255,94.96527777777779,0.9160666666666666,92.43623570800352,0.87275,93.57638888888889,100.0,15.0
TVRD,0.2278,0.7792,1.1406,1.9358,0.2176,0.7908,0.0694,0.054000000000000006,1.0,20570.0,2.48,32.88,0.0049,51020.0,Tvardi Therapeutics Inc,Healthcare,Biotechnology,307790000.0,,32.88,USA,91.31944444444444,93.57638888888889,96.74582233948989,96.67863554757629,67.06642066420663,93.83680555555556,0.5035000000000001,93.40277777777779,1.098,93.93139841688655,0.8486333333333334,93.48958333333334,100.0,16.0
BGM,0.1141,0.2207,0.2613,0.9694,2.9508,0.5195000000000001,0.0255,0.036699999999999997,,20710.0,0.1,12.84,0.043899999999999995,2122.0,BGM Group Ltd,Healthcare,Drug Manufacturers - Specialty & Generic,1840000000.0,,12.84,China,81.77083333333334,41.75347222222222,82.23394898856641,92.99820466786356,97.50922509225092,89.23611111111111,0.1674,61.892361111111114,1.3938333333333333,95.60246262093229,0.8393,93.22916666666666,100.0,17.0
OPRX,0.1352,0.4376,1.0917,1.8786,-0.0757,1.4877,0.0461,0.059800000000000006,1.29,572770.0,0.38,12.09,0.041299999999999996,218965.0,OptimizeRx Corp,Healthcare,Health Information Services,223610000.0,,12.09,USA,84.63541666666666,80.98958333333334,96.1301671064204,96.49910233393177,45.11070110701107,96.96180555555556,0.2864,84.89583333333334,0.9648666666666667,92.96394019349165,0.82585,93.05555555555556,83.3,18.0
NAGE,-0.0324,0.4131,0.8745,0.3975,2.2152000000000003,0.9152,0.0288,0.0379,1.0,1110000.0,0.65,10.16,0.003,715816.0,Niagen Bioscience Inc,Healthcare,Biotechnology,800300000.0,58.83,10.16,USA,21.91840277777778,79.60069444444444,95.42656112576957,81.50807899461401,95.84870848708486,95.05208333333334,0.19035000000000002,67.79513888888889,1.1624,94.72295514511873,0.7971833333333335,92.79513888888889,83.3,19.0
ATHE,0.1161,0.2051,0.0366999999999999,2.6465,1.1044,0.2779,0.0434,0.0746,1.0,43830.0,0.36,4.23,0.0548,15651.0,Alterity Therapeutics Ltd ADR,Healthcare,Biotechnology,64340000.0,,4.23,Australia,82.11805555555556,36.41493055555556,55.84872471416007,97.84560143626571,90.59040590405904,79.16666666666666,0.1606,59.46180555555556,1.2625333333333333,95.07475813544414,0.7311166666666667,92.36111111111111,100.0,20.0
ASST,0.8937,22.4414,18.7931,17.3472,6.034299999999999,25.524,0.20149999999999998,0.4397,,12550000.0,2.96,13.01,0.6182,37123656.0,Asset Entities Inc,Communication Services,Internet Content & Information,205200000.0,,13.01,USA,99.13194444444444,100.0,99.8240985048373,99.73070017953322,98.8929889298893,99.82638888888889,11.66755,100.0,14.0582,99.73614775725594,15.172283333333333,99.82638888888889,100.0,1.0
UPXI,0.4238,0.2389,3.6712,2.4532,0.4523,2.8859,0.1324,0.111,3.0,2360000.0,0.34,13.64,0.0681,803244.0,Upexi Inc,Communication Services,Internet Content & Information,508140000.0,,13.64,USA,96.78819444444444,48.09027777777778,99.2084432717678,97.57630161579893,79.61254612546126,99.13194444444444,0.33135000000000003,88.36805555555556,2.1922333333333333,97.71328056288479,1.6875499999999999,98.09027777777779,100.0,2.0
TZUP,0.1465,0.8902,2.9295,1.5595,0.7062999999999999,1.7609,0.0761,0.046799999999999994,,185310.0,1.76,9.47,0.0725,326921.0,Thumzup Media Corp,Communication Services,Advertising Agencies,90060000.0,,9.47,USA,85.32986111111111,94.79166666666666,98.68073878627969,95.42190305206462,86.07011070110701,97.39583333333334,0.51835,93.57638888888889,1.7317666666666665,96.39401934916447,1.3321499999999997,96.78819444444444,100.0,3.0
FNGR,-0.0947,1.6013,2.0,1.0758,0.37,2.425,0.055099999999999996,0.1002,1.0,624330.0,2.2,4.11,0.0431,1370916.0,FingerMotion Inc,Communication Services,Telecom Services,234850000.0,,4.11,Singapore,2.170138888888889,97.56944444444444,98.32893579595427,93.80610412926391,75.46125461254613,98.78472222222221,0.7533,96.70138888888889,1.1486,94.54705364995603,1.2295666666666667,95.83333333333334,83.3,4.0
AGAE,0.0982,0.9692,0.8737999999999999,0.7706000000000001,1.5065,1.4353,0.1,0.0863,1.0,133780.0,0.13,1.93,0.0052,16732.0,Allied Gaming & Entertainment Inc,Communication Services,Entertainment,85120000.0,,1.93,USA,79.42708333333334,95.57291666666666,95.33861037818822,91.11310592459606,93.26568265682657,96.875,0.5337,94.35763888888889,1.0503,93.57959542656113,0.9422666666666665,94.44444444444444,100.0,5.0
GRPN,0.0233999999999999,0.4254,1.1543,2.0585,0.5642,1.1951,0.016,0.08650000000000001,2.0,1900000.0,0.5,26.67,0.0191,954366.0,Groupon Inc,Communication Services,Internet Content & Information,1060000000.0,,26.67,USA,61.545138888888886,80.29513888888889,96.83377308707124,96.85816876122082,82.47232472324724,96.18055555555556,0.22439999999999996,75.69444444444444,1.2590000000000001,94.9868073878628,0.9034833333333333,93.83680555555556,100.0,6.0
MSGM,0.2114,0.3128,1.3651,1.7091,0.1245,1.2239,0.0151,0.05,3.0,770810.0,0.06,2.98,0.013600000000000001,43103.0,Motorsport Games Inc,Communication Services,Electronic Gaming & Multimedia,17220000.0,541.82,2.98,USA,90.49479166666666,67.01388888888889,97.18557607739666,95.87073608617594,61.208487084870846,96.26736111111111,0.2621,81.51041666666666,1.0662333333333334,93.66754617414247,0.8244666666666666,92.96875,100.0,7.0
JFIN,0.0949,0.2011,0.3581,1.0,0.997,1.1193,0.029500000000000002,0.0361,1.0,178280.0,0.55,13.5,0.07139999999999999,98305.0,Jiayin Group Inc ADR,Communication Services,Internet Content & Information,356000000.0,4.88,13.5,China,78.94965277777779,35.41666666666667,88.17062445030783,93.35727109515261,89.85239852398524,95.92013888888889,0.148,56.20659722222222,0.7850333333333332,91.20492524186456,0.6284,91.14583333333334,100.0,8.0
SURG,0.1969999999999999,0.2014999999999999,1.3066,1.0387,-0.244,0.7753,0.0553,0.0965,2.0,1700000.0,0.03,3.16,0.0395,45772.0,Surgepays Inc,Communication Services,Telecom Services,64500000.0,,3.16,USA,89.40972222222221,35.50347222222222,97.0976253298153,93.6265709156194,30.627306273062732,93.48958333333334,0.1992499999999999,70.57291666666666,0.7004333333333334,89.53386103781882,0.54585,89.67013888888889,83.3,9.0
RBLX,0.0129,0.2888,0.3087999999999999,0.6032,1.4355000000000002,0.4139,0.0067,0.0227,1.97,8570000.0,0.81,81.81,0.008,6926560.0,Roblox Corporation,Communication Services,Electronic Gaming & Multimedia,55490000000.0,,81.81,USA,56.68402777777778,61.28472222222222,85.1363236587511,87.79174147217235,92.98892988929889,86.37152777777779,0.15085,57.291666666666664,0.7825000000000001,91.1169744942832,0.5105166666666666,89.23611111111111,100.0,10.0
IHS,-0.1057,0.1653,0.4474,0.9643,0.6418,0.8835999999999999,0.0592,0.0436,1.29,843960.0,1.15,5.5,0.018500000000000003,968023.0,IHS Holding Ltd,Communication Services,Telecom Services,1830000000.0,,5.5,United Kingdom,1.8229166666666667,19.661458333333336,90.58927000879507,92.90843806104128,84.87084870848709,94.79166666666666,0.0298,0.6944444444444444,0.6845,89.35795954265612,0.49945,88.71527777777779,83.3,11.0
GOGO,0.05,0.8379000000000001,0.6093,0.6465000000000001,0.1839,0.5834,0.0353,0.08869999999999999,2.0,1930000.0,2.28,12.81,0.056900000000000006,4396385.0,Gogo Inc,Communication Services,Telecom Services,1690000000.0,,12.81,USA,70.09548611111111,94.18402777777779,92.87598944591029,88.77917414721723,64.76014760147602,90.71180555555556,0.44395000000000007,92.27430555555556,0.4799,84.87247141600703,0.4851666666666667,88.28125,100.0,12.0
CNVS,0.0646,0.1972,-0.1935,-0.0226,2.3592,-0.0521,0.0265,0.0276,1.0,88650.0,0.9,3.46,0.0298,79727.0,Cineverse Corp,Communication Services,Entertainment,55290000.0,,3.46,USA,73.046875,33.59375,17.150395778364118,47.03770197486535,96.03321033210332,45.05208333333333,0.1309,49.13194444444444,0.7143666666666667,90.06156552330695,0.3921333333333334,85.59027777777779,50.0,13.0
QMMM,0.2212,0.9077,0.83,-0.2023,,0.0781,0.0315,0.092,,1200000.0,1.16,1.38,0.029900000000000003,1390223.0,QMMM Holdings Ltd,Communication Services,Advertising Agencies,23750000.0,,1.38,Hong Kong,90.88541666666666,95.13888888888889,94.9868073878628,25.089766606822263,,63.802083333333336,0.56445,94.79166666666666,0.31384999999999996,79.06772207563765,0.36694,84.63541666666666,80.0,14.0
SIFY,0.1499,0.2971,0.1141,0.9247,-0.3007999999999999,0.8776,0.0458,0.0329,1.0,58310.0,2.65,5.37,0.1118,154759.0,Sify Technologies Limited ADR,Communication Services,Telecom Services,387820000.0,,5.37,India,85.85069444444444,62.84722222222222,68.55760773966578,92.72890484739676,27.121771217712176,94.70486111111111,0.22349999999999998,75.34722222222221,0.246,74.58223394898856,0.3437666666666666,83.59375,83.3,15.0
KRKR,-0.0085,0.4536,0.3212,0.6476999999999999,-0.3095,0.8412999999999999,0.0126,0.0331,1.0,18090.0,0.03,5.8,0.0,489.0,36Kr Holdings Inc ADR,Communication Services,Advertising Agencies,10320000.0,,5.8,China,41.53645833333333,82.29166666666666,85.75197889182058,88.8689407540395,26.476014760147603,94.35763888888889,0.22255,75.17361111111111,0.21979999999999997,72.0316622691293,0.3243,82.20486111111111,66.7,16.0
TIGO,0.0285,0.1329,0.3682999999999999,0.4053,0.5297,0.4722,0.011399999999999999,0.013500000000000002,1.4,1060000.0,0.6,36.82,0.0038,634398.0,Millicom International Cellular S.A,Communication Services,Telecom Services,6340000000.0,17.86,36.82,Luxembourg,63.932291666666664,2.039930555555556,88.65435356200527,82.04667863554758,81.91881918819189,88.28125,0.0807,22.569444444444446,0.4344333333333332,84.1688654353562,0.3228166666666666,81.94444444444444,100.0,17.0
TME,0.0348,0.2884,0.1773,0.4735,0.1086999999999999,0.4916,0.0089,0.0374,1.41,8330000.0,0.46,16.93,-0.0034999999999999996,3819212.0,Tencent Music Entertainment Group ADR,Communication Services,Internet Content & Information,11850000000.0,20.03,16.93,China,66.31944444444444,61.197916666666664,75.90149516270888,84.73967684021544,58.99446494464945,88.71527777777779,0.1616,59.982638888888886,0.25316666666666665,75.02198768689534,0.2623833333333333,78.47222222222221,100.0,18.0
IDT,0.0327999999999999,0.2418,0.2561,0.2234,0.5169,0.2851,0.0169,0.0161,1.0,129580.00000000001,0.95,61.07,0.0069,123492.0,IDT Corp,Communication Services,Telecom Services,1540000000.0,19.4,61.07,USA,65.66840277777779,49.56597222222222,81.79419525065963,73.07001795332137,81.36531365313652,79.77430555555556,0.13729999999999995,52.25694444444444,0.33213333333333334,80.47493403693932,0.25934999999999997,78.21180555555556,100.0,19.0
TOON,0.0813,0.5351,0.3258,0.0559,-0.2202,0.3746,0.051399999999999994,0.0548,1.0,203490.0,1.44,0.81,-0.0083,294025.0,Kartoon Studios Inc,Communication Services,Entertainment,38760000.0,,0.81,USA,76.30208333333334,87.76041666666666,86.103781882146,57.67504488330341,32.656826568265686,84.20138888888889,0.30820000000000003,86.89236111111111,0.05383333333333332,54.089709762532976,0.19208333333333336,71.96180555555556,83.3,20.0
DFDV,2.3059,4.4032,62.0217,71.49029999999999,32.0556,60.277,0.25980000000000003,0.1907,,4790000.0,1.07,42.5,0.1962,5121825.0,DeFi Development Corp,Technology,Software - Infrastructure,614850000.0,,42.5,USA,99.73958333333334,99.39236111111111,99.91204925241864,100.0,99.90774907749078,99.91319444444444,3.3545499999999997,99.56597222222221,55.1892,99.91204925241864,38.75895,99.91319444444444,100.0,1.0
QBTS,0.7262000000000001,1.6704,1.6262,12.2222,13.5344,1.2667,0.14300000000000002,0.12179999999999999,1.0,70060000.0,3.43,19.04,0.2396,240167294.0,D-Wave Quantum Inc,Technology,Computer Hardware,5560000000.0,,19.04,USA,98.52430555555556,97.65625,97.62532981530343,99.64093357271095,99.72324723247232,96.44097222222221,1.1983000000000001,97.91666666666666,9.127600000000001,99.64819700967458,5.1743500000000004,99.65277777777779,100.0,2.0
RGTI,0.201,0.5214,0.2893,9.6615,11.2655,-0.0917,0.1371,0.0932,1.0,48920000.0,3.35,13.86,0.2646,163906565.0,Rigetti Computing Inc,Technology,Computer Hardware,4019999999.9999995,,13.86,USA,89.58333333333334,87.06597222222221,83.7730870712401,99.5511669658887,99.63099630996311,39.67013888888889,0.36119999999999997,89.84375,7.0721,99.56024626209323,3.6411666666666664,99.56597222222221,83.3,3.0
QUBT,0.3063,0.8948,0.6114999999999999,4.0502,15.0527,-0.2707,0.1048,0.1016,1.0,18290000.0,2.48,12.07,0.1452,45311817.0,Quantum Computing Inc,Technology,Computer Hardware,1700000000.0,,12.07,USA,94.61805555555556,94.87847222222221,92.96394019349165,98.8330341113106,99.81549815498155,18.489583333333336,0.60055,95.3125,6.571466666666666,99.47229551451187,3.4408,99.47916666666666,83.3,4.0
VVPR,0.0625,0.7606999999999999,5.255599999999999,4.869,0.4894,2.7068,0.0706,0.0666,1.0,5870000.0,0.07,4.93,0.08109999999999999,415153.0,VivoPower International PLC,Technology,Solar,21890000.0,,4.93,United Kingdom,72.56944444444444,93.40277777777779,99.64819700967458,99.2818671454219,80.81180811808119,98.95833333333334,0.41159999999999997,91.40625,3.538,98.94459102902374,2.357333333333333,98.78472222222221,100.0,5.0
AEVA,-0.0546,1.3887,3.1176,3.375,3.6398,2.3895,0.121,0.0858,1.4,1600000.0,2.19,16.1,0.1338,3504489.0,Aeva Technologies Inc,Technology,Software - Infrastructure,885860000.0,,16.1,USA,9.375,97.04861111111111,98.76868953386105,98.38420107719928,97.97047970479706,98.52430555555556,0.66705,96.00694444444444,3.377466666666667,98.85664028144238,2.3093333333333335,98.61111111111111,83.3,6.0
AZ,0.0783,0.2376,0.2317,0.3628,8.619,0.3731,0.020099999999999996,0.045,1.0,149170.0,1.04,9.09,0.0202,155068.0,A2Z Cust2Mate Solutions Corp,Technology,Software - Application,317120000.0,,9.09,Canada,75.60763888888889,47.82986111111111,80.38698328935796,80.16157989228007,99.53874538745387,84.02777777777779,0.15795,58.50694444444444,3.0711666666666666,98.59278803869833,1.6504166666666666,98.00347222222221,100.0,7.0
LAES,0.5654,0.4781,0.1141,6.3031,2.4352,-0.3967,0.06269999999999999,0.0787,1.0,9580000.0,4.69,3.71,0.0754,44956947.0,SEALSQ Corp,Technology,Semiconductors,452650000.0,,3.71,Switzerland,97.82986111111111,84.20138888888889,68.55760773966578,99.37163375224416,96.12546125461255,9.98263888888889,0.52175,93.66319444444444,2.9507999999999996,98.41688654353563,1.5832000000000004,97.65625,83.3,8.0
SATX,0.4265,0.4697,1.0935,2.7442,3.656,0.902,0.1845,0.0819,3.0,810670.0,1.29,2.91,-0.0034000000000000002,1042153.0,SatixFy Communications Ltd,Technology,Communication Equipment,252150000.0,,2.91,Israel,96.875,83.68055555555556,96.21811785400176,98.02513464991023,98.06273062730627,94.96527777777779,0.4481,92.53472222222221,2.4979,98.15303430079155,1.54865,97.56944444444444,100.0,9.0
ATHR,0.6916,1.7846000000000002,,,,2.0243,0.09609999999999999,0.0958,,267640.0,0.63,17.39,0.0761,169447.0,Aether Holdings Inc,Technology,Software - Application,210440000.0,,17.39,USA,98.4375,98.00347222222221,,,,97.82986111111111,1.2381000000000002,98.09027777777779,,,1.5001666666666669,97.39583333333334,100.0,10.0
TSSI,0.3811,0.6667000000000001,-0.0699,0.6509,7.277,0.0329,0.10779999999999999,0.1445,,1620000.0,1.31,12.25,0.0802,2119416.0,TSS Inc,Technology,Information Technology Services,306500000.0,34.51,12.25,USA,96.44097222222221,91.88368055555556,36.675461741424805,89.04847396768402,99.16974169741697,56.25,0.5239,93.83680555555556,2.6193333333333335,98.2409850483729,1.4897833333333332,97.30902777777779,83.3,11.0
PRCH,-0.016,0.9295,1.2771,2.4476,2.8972,1.0041,0.0438,0.1246,1.33,3490000.0,0.93,9.86,0.0368,3232622.0,Porch Group Inc,Technology,Software - Application,1020000000.0,,9.86,USA,35.28645833333333,95.3125,97.00967458223396,97.48653500897666,97.32472324723247,95.48611111111111,0.45675,92.79513888888889,2.2073,97.80123131046614,1.4232499999999997,97.13541666666666,83.3,12.0
NXTT,-0.0315,7.662000000000001,0.8779,0.4471,-0.481,0.0081999999999999,0.1234,0.4808,,6420000.0,0.62,2.46,0.24239999999999998,3989841.0,Next Technology Holding Inc,Technology,Software - Application,1070000000.0000001,1.08,2.46,China,22.43923611111111,99.73958333333334,95.51451187335093,83.93177737881507,15.59040590405904,53.99305555555556,3.8152500000000003,99.65277777777779,0.2813333333333333,77.30870712401055,1.4137833333333336,97.04861111111111,66.7,13.0
DAVE,0.0816,1.3146,0.9708,1.4956,3.2626,1.2877,0.039,0.0784,1.0,514169.99999999994,0.62,198.85,0.026600000000000002,317389.0,Dave Inc,Technology,Software - Application,2650000000.0,54.71,198.85,USA,76.38888888888889,96.70138888888889,95.77836411609498,95.15260323159784,97.7859778597786,96.52777777777779,0.6980999999999999,96.18055555555556,1.9096666666666666,97.00967458223396,1.40215,96.96180555555556,100.0,14.0
SYTA,3.9015,4.437,1.0031,-0.3779,-0.9825,0.0641,0.5151,0.29309999999999997,3.0,7700000.0,6.68,6.47,0.2418,51402880.0,Siyata Mobile Inc,Technology,Communication Equipment,19520000.0,,6.47,Canada,100.0,99.47916666666666,95.86631486367634,10.59245960502693,0.7380073800738007,61.935763888888886,4.16925,99.73958333333334,-0.11909999999999998,31.75021987686895,1.3408833333333332,96.875,66.7,15.0
OCFT,-0.0014,0.2,0.9472,2.3488,2.0952,1.963,0.0195,0.024,1.0,125740.0,1.64,7.2,0.0213,205613.0,Oneconnect Financial Technology Co Ltd ADR,Technology,Software - Application,264890000.0,,7.2,China,46.65798611111111,35.15625,95.60246262093229,97.21723518850987,95.5719557195572,97.65625,0.0993,34.63541666666667,1.7970666666666668,96.56992084432717,1.2588000000000001,96.00694444444444,83.3,16.0
PLTR,-0.0455,0.213,0.2066,0.9962,4.6563,0.617,0.023700000000000002,0.0453,3.04,108520000.0,0.69,122.29,0.014199999999999999,74811486.0,Palantir Technologies Inc,Technology,Software - Infrastructure,288590000000.0,534.02,122.29,USA,14.496527777777779,39.23611111111111,78.54001759014952,93.26750448833035,98.5239852398524,91.40625,0.08374999999999999,23.61111111111111,1.9530333333333332,97.0976253298153,1.1072666666666666,95.22569444444444,83.3,17.0
IONQ,0.4072,0.7086,0.4427,0.8149,4.156499999999999,0.0962,0.1648,0.08039999999999999,1.33,19280000.0,5.4,45.79,0.3652,104037013.0,IonQ Inc,Technology,Computer Hardware,11350000000.0,,45.79,USA,96.61458333333334,92.70833333333334,90.50131926121372,91.56193895870736,98.33948339483395,65.79861111111111,0.5579000000000001,94.61805555555556,1.8046999999999997,96.65787159190853,1.10435,95.13888888888889,100.0,18.0
WKEY,0.3101,0.8308,0.2935,2.6244,2.7188,-0.2115,0.0718,0.0652,1.0,146730.0,3.23,7.14,0.0968,474104.0,WISeKey International Holding Ltd ADR,Technology,Semiconductors,14350000.0,,7.14,Switzerland,94.70486111111111,94.01041666666666,84.08091468777485,97.75583482944344,96.77121771217713,24.913194444444446,0.57045,94.87847222222221,1.8788999999999998,96.9217238346526,1.09435,95.05208333333334,83.3,19.0
NVTS,1.4396,1.7150999999999998,0.5931000000000001,1.8371,0.3325,0.4146,0.5005,0.2211,2.0,4840000.0,56.51,5.05,1.6440000000000001,273679344.0,Navitas Semiconductor Corp,Technology,Semiconductors,968620000.0,,5.05,USA,99.39236111111111,97.74305555555556,92.61213720316623,96.31956912028726,72.97047970479706,86.45833333333334,1.57735,98.78472222222221,0.9209,92.70008795074757,1.0553333333333335,94.70486111111111,100.0,20.0
OKLO,0.0617,0.6995999999999999,0.024,0.9216,4.1186,0.8709,0.061500000000000006,0.058600000000000006,1.62,13390000.0,1.18,39.72,0.0791,15871029.0,Oklo Inc,Utilities,Utilities - Regulated Electric,5530000000.0,,39.72,USA,72.30902777777779,92.53472222222221,53.21020228671943,92.63913824057451,98.24723247232473,94.61805555555556,0.38064999999999993,90.625,1.6880666666666666,96.30606860158312,1.1160666666666665,95.39930555555556,100.0,1.0
NRG,0.0017,0.5219,0.4656,0.6657,0.9059,0.7212000000000001,0.0165,0.053200000000000004,2.42,3470000.0,0.7,155.29,-0.0012,2444207.0,NRG Energy Inc,Utilities,Utilities - Independent Power Producers,30360000000.0,24.46,155.29,USA,49.43576388888889,87.15277777777779,91.1169744942832,89.40754039497307,89.11439114391145,92.88194444444444,0.26180000000000003,81.33680555555556,0.6790666666666666,89.27000879507476,0.547,89.75694444444444,100.0,2.0
KEP,0.0863,0.2019999999999999,0.4213,0.2637,0.4478999999999999,0.5740999999999999,0.015,0.022799999999999997,1.57,253560.0,0.74,10.83,0.0074,188786.0,Korea Electric Power ADR,Utilities,Utilities - Regulated Electric,13900000000.0,3.72,10.83,South Korea,77.12673611111111,35.63368055555556,90.325417766051,75.67324955116696,79.33579335793358,90.27777777777779,0.14414999999999994,54.77430555555556,0.3776333333333333,82.32189973614776,0.33254999999999996,82.8125,100.0,3.0
TLN,-0.0252,0.166,0.0906,0.1501,1.2178,0.1844,0.0181,0.0217,1.15,1190000.0,0.51,238.63,0.0138,601297.0,Talen Energy Corp,Utilities,Utilities - Independent Power Producers,10860000000.0,24.87,238.63,USA,27.90798611111111,19.87847222222222,64.90765171503958,66.87612208258528,91.42066420664207,73.17708333333334,0.0704,15.01736111111111,0.48616666666666664,85.1363236587511,0.29728333333333334,81.25,83.3,4.0
GNE,0.0797,0.2635,0.3638,0.2163,0.2528,0.2335,0.024900000000000002,0.0173,,78370.0,1.63,19.23,-0.0031,127356.0,Genie Energy Ltd,Utilities,Utilities - Regulated Electric,516240000.0,33.89,19.23,USA,75.95486111111111,55.208333333333336,88.47845206684258,71.90305206463195,69.0959409594096,76.38888888888889,0.1716,63.28125,0.27763333333333334,77.04485488126649,0.23493333333333333,75.95486111111111,100.0,5.0
CEG,0.0249,0.3893,0.0247,0.2657,0.3552,0.3029,0.0152,0.030299999999999997,1.61,4090000.0,0.57,291.47,0.0152,2331120.0,Constellation Energy Corporation,Utilities,Utilities - Renewable,91350000000.0,30.72,291.47,USA,62.54340277777778,77.17013888888889,53.562005277044854,75.76301615798923,74.07749077490774,80.64236111111111,0.20709999999999998,71.875,0.21519999999999997,71.76781002638522,0.22711666666666663,75.43402777777779,100.0,6.0
VST,0.0175,0.2893,0.0283999999999999,0.0552,0.6907,0.1222,0.0209,0.030299999999999997,1.5,8189999.999999999,0.55,154.72,0.0174,4523087.0,Vistra Corp,Utilities,Utilities - Independent Power Producers,52500000000.0,24.27,154.72,USA,58.810763888888886,61.37152777777778,54.397537379067714,57.18132854578097,85.79335793357934,68.40277777777779,0.1534,57.72569444444444,0.25809999999999994,75.37379067722075,0.20055,72.91666666666666,100.0,7.0
CEPU,0.0341,0.1996,0.0549,0.0445,0.3642,-0.0587,0.037000000000000005,0.030699999999999998,3.0,291040.0,1.01,13.64,0.0225,294478.0,Central Puerto ADR,Utilities,Utilities - Regulated Electric,2069999999.9999998,41.89,13.64,Argentina,66.18923611111111,34.98263888888889,59.10290237467019,56.104129263913826,75.0,44.01041666666667,0.11685,43.75,0.15453333333333333,66.57871591908531,0.10643333333333334,58.50694444444444,83.3,8.0
OPAL,0.1261,0.7857,-0.1438,-0.3261,-0.5,-0.2625,0.056299999999999996,0.0658,1.67,160560.0,3.67,2.5,0.0,589893.0,OPAL Fuels Inc,Utilities,Utilities - Regulated Gas,433430000.0,102.88,2.5,USA,83.33333333333334,93.75,24.010554089709764,13.913824057450627,14.760147601476014,19.270833333333336,0.45589999999999997,92.70833333333334,-0.3233,12.576956904133684,-0.053433333333333353,26.99652777777778,33.3,9.0
NRGV,0.0851,0.5119,-0.331,-0.3264,-0.1651999999999999,-0.5716,0.04190000000000001,0.0909,2.0,1650000.0,0.78,0.98,0.0548,1289762.0,Energy Vault Holdings Inc,Utilities,Utilities - Renewable,152410000.0,,0.98,USA,76.90972222222221,86.37152777777779,6.596306068601583,13.824057450628366,37.54612546125461,4.079861111111112,0.2985,85.85069444444444,-0.27419999999999994,16.358839050131927,-0.13286666666666666,16.05902777777778,33.3,10.0
EPSM,0.1206,1.7286,,,,2.0456,0.0429,0.0949,,711620.0,0.28,14.68,0.0055000000000000005,200550.0,Epsium Enterprise Ltd,Consumer Defensive,Beverages - Wineries & Distilleries,197300000.0,,14.68,USA,82.46527777777779,97.82986111111111,,,,97.91666666666666,0.9246,97.30902777777779,,,1.2982666666666667,96.61458333333334,100.0,1.0
RYET,0.7654000000000001,1.037,,,,2.0532,0.0895,0.2075,,1020000.0,0.44,13.77,0.0132,451346.0,Ruanyun Edai Technology Inc,Consumer Defensive,Education & Training Services,464740000.0,,13.77,China,98.78472222222221,96.00694444444444,,,,98.00347222222221,0.9012,97.22222222222221,,,1.2852,96.35416666666666,100.0,2.0
ABVE,0.2097,1.7619,1.7027,1.8846,-0.8266,1.7778,0.1507,0.2466,,834040.0,0.61,1.5,0.29309999999999997,509910.0,Above Food Ingredients Inc,Consumer Defensive,Packaged Foods,42800000.0,,1.5,Canada,90.19097222222221,97.91666666666666,97.80123131046614,96.58886894075404,3.8745387453874542,97.48263888888889,0.9858,97.39583333333334,0.9202333333333333,92.61213720316623,1.0850166666666667,94.96527777777779,83.3,3.0
SLSN,0.0265,0.6192,0.5,0.5796,1.5973,0.5841,0.0178,0.0699,,129350.0,0.27,3.87,-0.0077,34373.0,Solesence Inc,Consumer Defensive,Household & Personal Products,271300000.0,77.4,3.87,USA,63.020833333333336,90.53819444444444,91.60070360598066,87.34290843806104,93.81918819188192,90.79861111111111,0.32284999999999997,88.10763888888889,0.8923,92.34828496042216,0.6511166666666666,91.49305555555556,100.0,4.0
VFF,0.2981,0.9729,0.544,0.5650999999999999,-0.0547,0.5694,0.07490000000000001,0.0843,1.0,714360.0,2.91,1.21,0.14150000000000001,2077147.0,Village Farms International Inc,Consumer Defensive,Farm Products,135930000.0,,1.21,USA,94.27083333333334,95.74652777777779,91.90853122251539,86.89407540394973,46.494464944649444,90.10416666666666,0.6355,95.65972222222221,0.35146666666666665,81.17854001759015,0.4824666666666666,88.19444444444444,83.3,5.0
AKO-A,-0.0069,0.1946,0.3823,0.4986,0.7352,0.4113,0.011399999999999999,0.0158,2.0,5910.0,1.07,20.84,-0.0026,6334.0,Embotelladora Andina S.A. ADR,Consumer Defensive,Beverages - Non-Alcoholic,1640000000.0,13.43,20.84,Chile,42.44791666666667,31.901041666666668,89.18205804749341,85.27827648114902,86.25461254612546,86.19791666666666,0.09385,32.03125,0.5387,86.103781882146,0.36918333333333325,84.72222222222221,83.3,6.0
COE,0.0093,0.1956,-0.0373,0.3283,1.7445,-0.0487999999999999,0.008199999999999999,0.0311,1.0,9700.0,0.77,19.5,0.013999999999999999,7456.0,51 Talk Online Education Group ADR,Consumer Defensive,Education & Training Services,80340000.0,,19.5,Singapore,54.64409722222222,32.76909722222222,42.65611257695691,78.54578096947935,94.28044280442805,45.74652777777778,0.10245,36.37152777777778,0.6785,89.18205804749341,0.3652666666666667,84.54861111111111,66.7,7.0
LINC,0.0098999999999999,0.2519,0.3313,0.4,0.8183,0.354,0.0106,0.0253,1.0,264930.0,0.97,21.42,-0.0009,256342.0,Lincoln Educational Services Corp,Consumer Defensive,Education & Training Services,676720000.0,55.33,21.42,USA,54.947916666666664,52.25694444444444,86.63148636763412,81.68761220825853,87.4538745387454,83.33333333333334,0.13089999999999996,49.04513888888889,0.5165333333333334,85.66402814423923,0.3609,84.28819444444444,100.0,8.0
APEI,0.0482,0.2410999999999999,0.3706,0.5297,0.6108,0.351,0.0394,0.0331,1.4,154040.0,1.76,29.14,0.037000000000000005,271199.0,American Public Education Inc,Consumer Defensive,Education & Training Services,525669999.99999994,28.93,29.14,USA,69.44444444444444,49.17534722222222,88.83025505716799,86.44524236983841,83.67158671586716,83.15972222222221,0.14464999999999995,55.12152777777778,0.5036999999999999,85.57607739665787,0.35856666666666664,84.20138888888889,100.0,9.0
UNFI,-0.0373,0.1438,-0.0719,0.3444,1.6513999999999998,0.0776,0.025699999999999997,0.023700000000000002,2.77,754590.0,0.58,29.43,-0.0064,437735.0,United Natural Foods Inc,Consumer Defensive,Food Distribution,1780000000.0,,29.43,USA,18.663194444444446,8.072916666666668,36.54353562005277,79.35368043087972,94.0959409594096,63.71527777777778,0.053250000000000006,5.902777777777778,0.6412999999999999,88.12664907651715,0.3513333333333333,84.02777777777779,66.7,10.0
ZVIA,-0.0275,0.2146,-0.1626999999999999,0.3475999999999999,1.9544,-0.3246,0.0209,0.106,2.0,576680.0,1.25,2.83,0.0034999999999999996,720038.0,Zevia PBC,Consumer Defensive,Beverages - Non-Alcoholic,210040000.0,,2.83,USA,25.868055555555557,39.58333333333333,21.723834652594547,79.44344703770197,95.38745387453874,14.583333333333334,0.09355000000000001,31.42361111111111,0.7131,89.9736147757256,0.3336333333333334,82.98611111111111,50.0,11.0
LSF,-0.0573,0.2398999999999999,-0.0260999999999999,-0.0923,1.8095,-0.1015,0.0169,0.0327,1.0,78890.0,0.28,7.08,0.0216,22321.0,Laird Superfood Inc,Consumer Defensive,Packaged Foods,74840000.0,,7.08,USA,7.986111111111111,48.4375,44.854881266490764,37.61220825852783,94.8339483394834,38.28125,0.09129999999999995,29.86111111111111,0.5637000000000001,87.0712401055409,0.2953666666666667,80.81597222222221,33.3,12.0
LGCY,0.1657999999999999,0.3742,0.2092999999999999,0.415,,0.0901,0.044500000000000005,0.0495,1.0,46860.0,0.99,9.07,0.029500000000000002,46605.0,Legacy Education Inc,Consumer Defensive,Education & Training Services,112290000.0,15.92,9.07,USA,87.15277777777779,75.52083333333334,78.80386983289358,82.9443447037702,,64.93055555555556,0.2699999999999999,82.55208333333334,0.3121499999999999,78.80386983289358,0.25087999999999994,77.60416666666666,100.0,13.0
RKDA,0.0801,0.3990999999999999,0.0499,0.4718,0.3705,-0.2939,0.0233,0.052300000000000006,1.0,9790.0,0.47,4.18,0.017,4573.0,Arcadia Biosciences Inc,Consumer Defensive,Packaged Foods,5720000.0,,4.18,USA,76.04166666666666,78.64583333333334,57.959542656112575,84.56014362657092,75.55350553505535,16.493055555555554,0.23959999999999995,78.03819444444444,0.29740000000000005,78.18821459982411,0.17958333333333332,70.13888888888889,83.3,14.0
PRDO,-0.0157,0.2336,0.1833,0.1462,0.3116,0.1609,0.005699999999999999,0.0462,1.0,626740.0,0.91,30.73,-0.0068000000000000005,572233.0,Perdoceo Education Corporation,Consumer Defensive,Education & Training Services,2009999999.9999998,13.59,30.73,USA,35.50347222222222,45.96354166666667,76.51715039577837,66.06822262118493,72.32472324723247,71.26736111111111,0.10895,40.01736111111111,0.2137,71.50395778364116,0.16998333333333335,68.66319444444444,83.3,15.0
USFD,0.0012,0.1812,0.0825999999999999,0.1609,0.3889,0.125,0.014199999999999999,0.0148,1.61,2340000.0,0.65,75.89,-0.0032,1532298.0,US Foods Holding Corp,Consumer Defensive,Food Distribution,17560000000.0,34.87,75.89,USA,49.04513888888889,26.38888888888889,63.852242744063325,67.50448833034112,76.56826568265683,68.66319444444444,0.0912,29.774305555555557,0.21079999999999996,71.15215479331574,0.15663333333333332,67.01388888888889,100.0,16.0
SKIN,0.0,0.8288,0.0745,0.1054,-0.332,0.0881,0.08470000000000001,0.138,3.6,867600.0,0.76,1.73,0.109,660628.0,Beauty Health Company,Consumer Defensive,Household & Personal Products,217970000.0,,1.73,USA,48.30729166666667,93.92361111111111,62.532981530343015,62.25314183123878,24.6309963099631,64.58333333333334,0.4144,91.49305555555556,-0.0507,39.050131926121374,0.12746666666666664,62.326388888888886,66.7,17.0
GV,0.1684,0.1503,0.4231,0.6087,-0.6923,-0.0902,0.0735,0.045599999999999995,,7690000.0,0.04,2.22,0.13849999999999998,302544.0,Visionary Holdings Inc,Consumer Defensive,Education & Training Services,9610000.0,,2.22,Canada,87.32638888888889,12.456597222222223,90.41336851363236,87.88150807899461,7.656826568265683,39.93055555555556,0.15935,58.94097222222222,0.11316666666666668,61.829375549692166,0.09466666666666668,56.68402777777778,66.7,18.0
FEDU,0.1932,0.3404,-0.0159,-0.1483,0.2334,-0.05,0.0342,0.026000000000000002,5.0,8210.0,0.07,9.88,-0.0,557.0,Four Seasons Education (Cayman) Inc ADR,Consumer Defensive,Education & Training Services,20950000.0,76.12,9.88,China,89.0625,71.22395833333334,46.08619173262973,30.789946140035905,67.89667896678966,45.22569444444444,0.2668,82.20486111111111,0.02306666666666667,49.780123131046615,0.09213333333333333,56.16319444444444,50.0,19.0
IPAR,0.0493,0.2191,-0.0225,0.0508,0.1031,-0.002,0.0054,0.022000000000000002,1.25,320860.0,0.79,131.25,0.0019,254888.0,Interparfums Inc,Consumer Defensive,Household & Personal Products,4219999999.9999995,25.51,131.25,USA,69.79166666666666,41.05902777777778,45.47053649956025,56.82226211849192,58.44095940959409,52.82118055555556,0.13419999999999999,50.86805555555556,0.0438,52.41864555848724,0.06629999999999998,50.43402777777778,66.7,20.0
TGEN,0.3248,1.3366999999999998,1.4347,4.1667000000000005,5.6906,2.1741,0.0429,0.0771,1.0,219270.0,1.8,4.65,0.0665,395058.0,Tecogen Inc,Industrials,Electrical Equipment & Parts,117460000.0,,4.65,USA,95.3125,96.875,97.36147757255937,99.01256732495511,98.80073800738008,98.17708333333334,0.8307499999999999,97.13541666666666,3.7640000000000007,99.12049252418646,2.521266666666667,99.13194444444444,100.0,1.0
SVT,2.6095,2.6337,2.4011,2.354,1.7585,2.4184,0.6492,0.2917,,13890.0,3.74,37.9,0.0013,51914.0,"Servotronics, Inc",Industrials,Aerospace & Defense,96890000.0,,37.9,USA,99.91319444444444,98.61111111111111,98.59278803869833,97.30700179533214,94.4649446494465,98.69791666666666,2.6216,99.21875,2.1712000000000002,97.62532981530343,2.3625333333333334,98.87152777777779,100.0,2.0
EOSE,-0.1561,0.2346,0.3393,1.7907,7.3647,0.2346,0.0348,0.0787,2.14,6750000.0,1.03,6.0,0.0118,6956478.0,Eos Energy Enterprises Inc,Industrials,Electrical Equipment & Parts,1370000000.0,,6.0,USA,0.3472222222222222,46.52777777777778,87.0712401055409,96.14003590664272,99.2619926199262,76.5625,0.03925000000000001,1.8229166666666667,3.1649,98.68073878627969,1.6346333333333334,97.82986111111111,83.3,3.0
PSIX,0.0983,0.5709000000000001,0.1625,0.1448,7.786,0.2699,0.026600000000000002,0.0481,1.0,321490.0,1.1,37.78,0.032,354255.0,Power Solutions International Inc,Industrials,Specialty Industrial Machinery,869250000.0,10.71,37.78,USA,79.60069444444444,89.23611111111111,74.31838170624451,65.8886894075404,99.44649446494465,78.55902777777779,0.3346,88.62847222222221,2.6977666666666664,98.32893579595427,1.5053999999999998,97.48263888888889,100.0,4.0
GVH,0.2746,2.7708,1.4133000000000002,1.5191,0.1677,1.7019,0.0775,0.0836,,540510.0,0.17,1.81,0.183,91646.0,Globavend Holdings Ltd,Industrials,Integrated Freight & Logistics,27020000.0,29.82,1.81,Australia,93.66319444444444,98.69791666666666,97.273526824978,95.33213644524237,64.02214022140221,97.30902777777779,1.5227,98.61111111111111,1.0333666666666668,93.49164467897977,1.3079,96.70138888888889,100.0,5.0
ELPW,-0.1143,0.8439,4.4928,-0.2298,-0.5338,2.7576,0.2071,0.1388,,328050.0,1.96,4.96,0.10220000000000001,643150.0,Elong Power Holding Ltd,Industrials,Electrical Equipment & Parts,230230000.0,22.88,4.96,China,1.4756944444444444,94.27083333333334,99.47229551451187,22.082585278276483,12.730627306273062,99.04513888888889,0.3648,90.10416666666666,1.2430666666666665,94.89885664028144,1.2027333333333334,95.74652777777779,50.0,6.0
NNE,0.0575,0.3436,-0.0473,0.2151,6.1984,0.1075,0.0463,0.0416,1.0,2029999.9999999998,1.36,27.57,0.0728,2753403.0,Nano Nuclear Energy Inc,Industrials,Specialty Industrial Machinery,1030000000.0,,27.57,USA,71.52777777777779,71.78819444444444,41.16094986807388,71.72351885098743,98.98523985239852,67.27430555555556,0.20055,70.74652777777779,2.1220666666666665,97.44942832014073,1.1458000000000002,95.65972222222221,83.3,7.0
RKLB,0.0237999999999999,0.2725,0.0964,0.3385,4.8682,0.0137,0.0246,0.042199999999999994,1.69,17190000.0,1.08,25.82,0.0258,18579427.0,Rocket Lab USA Inc,Industrials,Aerospace & Defense,11910000000.0,,25.82,USA,62.02256944444444,57.89930555555556,65.96306068601582,79.26391382405745,98.61623616236163,54.557291666666664,0.14814999999999995,56.33680555555556,1.7676999999999998,96.48197009674581,0.9355166666666666,94.35763888888889,100.0,8.0
EVLV,0.431,0.8492000000000001,0.6740999999999999,1.2425,1.1775,0.5215,0.0471,0.0721,1.5,2230000.0,2.31,6.01,0.0101,5140711.0,Evolv Technologies Holdings Inc,Industrials,Security & Protection Services,985620000.0,,6.01,USA,97.04861111111111,94.44444444444444,94.10729991204924,94.52423698384202,91.05166051660517,89.49652777777779,0.6401,95.83333333333334,1.0313666666666668,93.40369393139841,0.8159666666666666,92.88194444444444,100.0,9.0
OPTT,0.0204,0.3669,-0.1449,2.6782,1.9,-0.4598,0.0814,0.0662,1.0,4650000.0,0.89,0.55,0.1016,4149467.0,Ocean Power Technologies,Industrials,Specialty Industrial Machinery,95190000.0,,0.55,USA,60.19965277777778,74.47916666666666,23.922603342128408,97.93536804308796,95.11070110701108,7.204861111111111,0.19365,69.27083333333334,1.4777666666666667,95.77836411609498,0.7267999999999999,92.27430555555556,66.7,10.0
LTBR,-0.0250999999999999,0.2782,-0.0583,0.6127,2.2851,1.2537,0.0316,0.042300000000000004,,1250000.0,0.56,10.66,0.0482,705528.0,Lightbridge Corp,Industrials,Electrical Equipment & Parts,240250000.0,,10.66,USA,28.038194444444443,59.28819444444444,38.78627968337731,88.24057450628366,95.9409594095941,96.35416666666666,0.12655000000000005,47.30902777777778,0.9465,92.78803869832893,0.7243833333333334,92.1875,66.7,11.0
RR,0.0548,0.155,0.0429,3.1833,0.878,-0.1444,0.08289999999999999,0.0698,1.0,7830000.0,1.18,2.31,0.07440000000000001,9280820.0,Richtech Robotics Inc,Industrials,Specialty Industrial Machinery,265200000.0,,2.31,USA,71.00694444444444,14.67013888888889,57.43183817062445,98.20466786355476,88.65313653136532,33.33333333333333,0.1049,37.41319444444444,1.3680666666666665,95.51451187335093,0.6949333333333333,91.92708333333334,83.3,12.0
SERV,0.2386,0.9712,-0.0316,0.4483,2.6344,-0.1384999999999999,0.1164,0.0821,1.0,4930000.0,3.41,11.63,0.2115,16819626.0,Serve Robotics Inc,Industrials,Specialty Industrial Machinery,664340000.0,,11.63,USA,92.27430555555556,95.65972222222221,44.06332453825858,84.02154398563735,96.49446494464945,34.375,0.6049,95.39930555555556,1.0170333333333332,93.22779243623572,0.6870666666666666,91.84027777777779,66.7,13.0
SMR,0.055,0.6399,0.3298,-0.0715,2.4924,0.4122,0.042,0.0512,2.0,8010000.0,1.31,25.32,0.060700000000000004,10531292.0,NuScale Power Corporation,Industrials,Specialty Industrial Machinery,7200000000.0,,25.32,USA,71.09375,91.05902777777779,86.45558487247142,40.21543985637343,96.30996309963099,86.28472222222221,0.34745000000000004,89.32291666666666,0.9169,92.52418645558487,0.6429666666666667,91.40625,83.3,14.0
ADUR,0.3538,0.9042,0.4528,0.3274,1.4228999999999998,0.3124,0.0629,0.0533,1.0,89950.0,4.99,8.15,0.1241,448495.0,Aduro Clean Technologies Inc,Industrials,Pollution & Treatment Controls,238710000.0,,8.15,Canada,96.18055555555556,94.96527777777779,90.67722075637643,78.45601436265709,92.71217712177122,81.33680555555556,0.629,95.57291666666666,0.7343666666666667,90.325417766051,0.6289166666666666,91.31944444444444,100.0,15.0
AGX,0.0745,0.3934,0.474,0.4106,1.9821,0.4372999999999999,0.0091,0.013000000000000001,2.0,386910.0,1.07,196.97,0.0199,414933.0,"Argan, Inc",Industrials,Engineering & Construction,2690000000.0,32.25,196.97,USA,75.08680555555556,77.95138888888889,91.20492524186456,82.49551166965888,95.47970479704797,87.32638888888889,0.23395000000000002,77.25694444444444,0.9555666666666666,92.87598944591029,0.62865,91.23263888888889,100.0,16.0
SPCB,0.3014,0.2683999999999999,-0.1662,1.4536000000000002,1.0335,0.8631,0.045700000000000005,0.07919999999999999,1.0,231040.0,0.96,8.98,0.0334,221398.0,SuperCom Ltd,Industrials,Security & Protection Services,39950000.0,,8.98,Israel,94.35763888888889,56.33680555555556,21.108179419525065,94.88330341113105,90.12915129151291,94.53125,0.28489999999999993,84.72222222222221,0.7736333333333335,90.9410729991205,0.6256333333333334,90.97222222222221,83.3,17.0
AP,0.3274,0.5385,0.5,0.7544,1.0134,0.4354,0.111,0.08650000000000001,3.0,41860.0,0.84,3.0,0.10289999999999999,35006.0,Ampco-Pittsburgh Corp,Industrials,Metal Fabrication,60290000.0,13.95,3.0,USA,95.39930555555556,87.93402777777779,91.60070360598066,90.754039497307,90.03690036900369,87.23958333333334,0.43295,92.1875,0.7559333333333335,90.58927000879507,0.59485,90.45138888888889,100.0,18.0
FTEK,0.5628,0.7143,0.6311,0.6311,0.4,0.6,0.1139,0.0658,1.0,143070.0,2.4,1.68,0.05,343979.0,Fuel Tech Inc,Industrials,Pollution & Treatment Controls,51700000.0,,1.68,USA,97.74305555555556,92.79513888888889,93.22779243623572,88.42010771992818,77.12177121771218,91.14583333333334,0.63855,95.74652777777779,0.5540666666666666,86.54353562005277,0.5898833333333333,90.36458333333334,100.0,19.0
GEV,0.0746,0.3652,0.3994,0.4100999999999999,1.8507,0.3949,0.0169,0.02,1.59,4090000.0,0.65,458.82,0.0128,2676180.0,GE Vernova Inc,Industrials,Specialty Industrial Machinery,125230000000.0,65.48,458.82,USA,75.17361111111111,74.30555555555556,89.70976253298153,82.40574506283662,94.92619926199262,85.32986111111111,0.2199,74.47916666666666,0.8867333333333333,92.26033421284082,0.5824833333333332,90.19097222222221,100.0,20.0
TDUP,0.0949,0.9133,1.9297,6.425700000000001,2.6232,4.3957,0.0398,0.09140000000000001,1.5,1810000.0,1.29,7.5,0.0638,2338568.0,ThredUp Inc,Consumer Cyclical,Internet Retail,886850000.0,,7.5,USA,78.94965277777779,95.22569444444444,98.2409850483729,99.46140035906643,96.40221402214021,99.65277777777779,0.5041,93.48958333333334,3.659533333333334,99.0325417766051,2.7304166666666667,99.21875,100.0,1.0
MVST,0.0758,0.5236,0.8205,4.6964,7.6776,0.715,0.053,0.0735,1.67,7870000.0,1.15,3.55,-0.005600000000000001,9090967.0,Microvast Holdings Inc,Consumer Cyclical,Auto Parts,1150000000.0,,3.55,USA,75.390625,87.32638888888889,94.81090589270009,99.19210053859963,99.35424354243543,92.70833333333334,0.29969999999999997,86.02430555555556,4.398166666666667,99.38434476693052,2.4181500000000002,99.04513888888889,100.0,2.0
OCG,0.0147,0.4681,3.364,3.4516000000000004,2.8873,3.4878,0.09480000000000001,0.0986,,77870.0,0.26,5.52,0.0455,20012.0,Oriental Culture Holding Ltd,Consumer Cyclical,Internet Retail,114460000.0,,5.52,Hong Kong,58.072916666666664,83.59375,99.0325417766051,98.47396768402155,97.23247232472325,99.30555555555556,0.2414,78.29861111111111,3.2342999999999997,98.76868953386105,2.278916666666667,98.52430555555556,100.0,3.0
NCL,0.8537,2.1897,3.2045,2.0875,1.2108,2.3933,0.1243,0.1422,,3100000.0,0.52,0.93,0.2944,1612937.0,Northann Corp,Consumer Cyclical,"Furnishings, Fixtures & Appliances",88310000.0,,0.93,USA,99.04513888888889,98.52430555555556,98.85664028144238,97.03770197486536,91.32841328413284,98.61111111111111,1.5217,98.52430555555556,2.1675999999999997,97.53737906772207,1.9899166666666668,98.35069444444444,100.0,4.0
YOSH,0.0113,0.2225,0.6347,3.931,2.6438,3.3659,0.044199999999999996,0.07629999999999999,,61090.0,0.06,14.32,0.0134,3939.0,Yoshiharu Global Co,Consumer Cyclical,Restaurants,25200000.0,,14.32,USA,55.729166666666664,42.36111111111111,93.40369393139841,98.65350089766606,96.6789667896679,99.21875,0.1169,43.83680555555556,2.403166666666667,97.97713280562886,1.8015333333333334,98.17708333333334,100.0,5.0
TOPW,0.356,2.8377,,,,1.6554,0.11900000000000001,0.1322,,1300000.0,0.21,10.17,0.1703,276793.0,Top Win International Ltd,Consumer Cyclical,Luxury Goods,252870000.0,,10.17,Hong Kong,96.26736111111111,98.95833333333334,,,,97.22222222222221,1.5968499999999999,98.87152777777779,,,1.6163666666666667,97.74305555555556,100.0,6.0
HSAI,0.246,0.5031,0.1018999999999999,4.1135,3.1122,0.5650999999999999,0.040999999999999995,0.0583,1.13,5710000.0,1.09,21.63,0.0285,6243656.0,Hesai Group ADR,Consumer Cyclical,Auto Parts,2190000000.0,,21.63,China,92.62152777777779,86.02430555555556,67.1943711521548,98.92280071813285,97.69372693726937,90.01736111111111,0.37455,90.45138888888889,2.4425333333333334,98.0650835532102,1.4403,97.22222222222221,100.0,7.0
NWTN,0.4524,3.8413,1.8814,0.525,-0.5271,1.6065,0.2763,0.2091,,1510000.0,0.56,1.83,0.011000000000000001,850546.0,NWTN Inc,Consumer Cyclical,Auto Manufacturers,534720000.0,,1.83,United Arab Emirates,97.30902777777779,99.30555555555556,98.0650835532102,86.08617594254937,13.191881918819186,97.04861111111111,2.14685,98.95833333333334,0.6264333333333334,87.86279683377309,1.2965833333333334,96.52777777777779,83.3,8.0
AS,0.2152,0.6153,0.3107999999999999,0.9186,1.3387,0.3408,0.0859,0.0461,1.65,4590000.0,1.45,37.49,0.0132,6653004.0,Amer Sports Inc,Consumer Cyclical,Leisure,20760000000.0,100.83,37.49,Finland,90.71180555555556,90.40798611111111,85.22427440633246,92.54937163375224,92.15867158671587,82.37847222222221,0.41525,91.66666666666666,0.8560333333333333,91.82058047493403,0.6232333333333333,90.88541666666666,100.0,9.0
RGS,0.0644,0.2763,0.0324,0.2205,2.8268,-0.0594,0.0327,0.0337,1.0,15400.0,1.04,22.31,0.0499,16023.0,Regis Corp,Consumer Cyclical,Personal Services,54340000.0,0.59,22.31,USA,72.91666666666666,58.854166666666664,55.057167985927876,72.71095152603232,97.14022140221402,43.83680555555556,0.17035,62.58680555555556,1.0265666666666666,93.31574318381706,0.5601666666666666,90.10416666666666,83.3,10.0
URBN,0.1858,0.4572,0.3865999999999999,0.9065,0.7658,0.3339999999999999,0.11220000000000001,0.0527,2.6,2450000.0,4.32,73.21,0.2284,10590162.0,"Urban Outfitters, Inc",Consumer Cyclical,Apparel Retail,6780000000.0,15.34,73.21,USA,88.62847222222221,82.46527777777779,89.35795954265612,92.28007181328546,86.71586715867159,82.20486111111111,0.3215,87.93402777777779,0.6863,89.44591029023746,0.5059833333333333,89.14930555555556,100.0,11.0
CVNA,0.0163,0.368,0.3535999999999999,0.2352,1.5722999999999998,0.4863,0.0302,0.0335,1.9,5040000.0,0.72,302.25,0.0348,3644842.0,Carvana Co,Consumer Cyclical,Auto & Truck Dealerships,64720000000.0,105.82,302.25,USA,58.333333333333336,74.73958333333334,87.86279683377309,73.96768402154399,93.72693726937268,88.45486111111111,0.19215,68.61979166666666,0.7203666666666666,90.14951627088831,0.5052833333333333,89.0625,100.0,12.0
CPS,-0.0889,0.7406,0.5051,0.5713,0.6137,0.6327,0.0318,0.08779999999999999,3.0,409170.0,0.45,22.14,0.0005,184455.0,Cooper-Standard Holdings Inc,Consumer Cyclical,Auto Parts,388520000.0,,22.14,USA,2.604166666666667,93.14236111111111,91.82058047493403,87.07360861759426,83.76383763837639,91.66666666666666,0.32585000000000003,88.28125,0.5633666666666667,86.98328935795955,0.49574999999999997,88.62847222222221,83.3,13.0
CHWY,0.0593,0.2417,0.2509,0.3792999999999999,1.6984,0.3117,0.020499999999999997,0.0168,1.82,6260000.0,0.75,43.93,0.0083,4669889.0,Chewy Inc,Consumer Cyclical,Internet Retail,18170000000.0,48.85,43.93,USA,71.83159722222221,49.47916666666667,81.26649076517151,81.0592459605027,94.18819188191881,81.16319444444444,0.1505,57.03125,0.7761999999999999,91.02902374670184,0.4902166666666667,88.54166666666666,100.0,14.0
JBDI,0.1326999999999999,0.3011,0.642,0.6668999999999999,,0.7077,0.0678,0.10490000000000001,,551000.0,0.29,1.11,0.0,157629.0,JBDI Holdings Ltd,Consumer Cyclical,Specialty Retail,22180000.0,,1.11,Singapore,84.28819444444444,64.14930555555556,93.57959542656113,89.49730700179533,,92.53472222222221,0.21689999999999993,74.04513888888889,0.65445,88.56640281442392,0.49007999999999996,88.45486111111111,100.0,15.0
MPAA,0.0544,0.2435,0.0958,0.7203,1.3111000000000002,0.5053,0.0346,0.0334,1.0,118370.0,1.4,11.44,0.0151,166217.0,Motorcar Parts of America Inc,Consumer Cyclical,Auto Parts,224040000.0,,11.44,USA,70.83333333333334,50.260416666666664,65.78715919085312,90.39497307001795,91.88191881918819,88.88888888888889,0.14895,56.68402777777778,0.7090666666666667,89.88566402814425,0.4884000000000001,88.36805555555556,100.0,16.0
EYE,0.0073,0.6017,0.6017,0.6353,0.2059,0.7985,0.0217,0.042300000000000004,1.91,2320000.0,1.06,18.74,0.0048,2461644.0,National Vision Holdings Inc,Consumer Cyclical,Specialty Retail,1480000000.0,,18.74,USA,53.298611111111114,90.01736111111111,92.78803869832893,88.50987432675045,66.14391143911439,93.92361111111111,0.3045,86.54513888888889,0.4809666666666667,84.96042216358839,0.47506666666666675,88.10763888888889,100.0,17.0
CYD,0.0040999999999999,0.1692,-0.1394999999999999,0.908,1.0636,0.8059000000000001,0.019799999999999998,0.0294,3.0,400920.0,0.21,17.21,-0.0023,83291.0,China Yuchai International,Consumer Cyclical,Auto Manufacturers,645690000.0,15.53,17.21,Singapore,51.388888888888886,21.26736111111111,24.626209322779243,92.36983842010773,90.40590405904058,94.01041666666666,0.08664999999999995,25.43402777777778,0.6107000000000001,87.59894459102902,0.46855,87.84722222222221,83.3,18.0
FORD,0.0527,0.2999,0.4634,0.8709,0.3417,0.4929,0.0129,0.0762,,39450.0,0.12,7.39,0.0096,4586.0,"Forward Industries, Inc",Consumer Cyclical,Footwear & Accessories,8140000.000000001,,7.39,USA,70.48611111111111,63.71527777777778,91.02902374670184,92.10053859964094,73.61623616236163,88.80208333333334,0.1763,64.58333333333334,0.5586666666666668,86.71943711521548,0.42025,86.80555555555556,100.0,19.0
SES,0.0562,0.3179,0.0737,2.3929,-0.268,-0.5588000000000001,0.0828,0.0707,2.33,21150000.0,0.63,0.97,0.03,13390538.0,SES AI Corporation,Consumer Cyclical,Auto Parts,354490000.0,,0.97,USA,71.26736111111111,67.49131944444444,62.445030782761656,97.3967684021544,28.87453874538745,4.340277777777778,0.18705,67.01388888888889,0.7328666666666667,90.23746701846966,0.33565,83.15972222222221,66.7,20.0
CEP,0.4648,2.0273,3.8029,3.9701,,3.8075,0.15380000000000002,0.1493,,3480000.0,1.02,49.95,0.16,3545066.0,Cantor Equity Partners Inc,Financial,Shell Companies,639360000.0,280.93,49.95,USA,97.39583333333334,98.35069444444444,99.29639401934917,98.74326750448833,,99.47916666666666,1.2460499999999999,98.17708333333334,3.8865,99.2084432717678,2.8145200000000004,99.30555555555556,100.0,1.0
GRYP,0.2336,5.4453,3.2471,0.9553,-0.2143,2.2942,0.062,0.2867,3.0,10880000.0,1.29,1.32,0.08199999999999999,14029881.0,Gryphon Digital Mining Inc,Financial,Capital Markets,95780000.0,,1.32,USA,92.05729166666666,99.56597222222221,98.94459102902374,92.81867145421903,33.025830258302584,98.26388888888889,2.83945,99.30555555555556,1.3293666666666666,95.25065963060686,1.9935333333333334,98.4375,83.3,2.0
SEZL,0.1283,1.3730000000000002,1.1279,0.5259,7.2227,1.3844999999999998,0.023799999999999998,0.08410000000000001,1.0,1110000.0,0.8,101.66,0.025699999999999997,890363.0,Sezzle Inc,Financial,Credit Services,3380000000.0,34.36,101.66,USA,83.81076388888889,96.96180555555556,96.65787159190853,86.17594254937163,99.07749077490774,96.78819444444444,0.7506500000000002,96.52777777777779,2.958833333333333,98.50483729111697,1.9603833333333334,98.26388888888889,100.0,3.0
PNBK,0.0881,0.7188,3.9832,2.1882,0.7807999999999999,2.0567,0.029500000000000002,0.1358,3.0,546850.0,0.3,5.93,0.0313,163391.0,Patriot National Bancorp Inc,Financial,Banks - Regional,452220000.0,,5.93,USA,77.69097222222221,92.88194444444444,99.38434476693052,97.12746858168761,86.99261992619927,98.09027777777779,0.40345,91.23263888888889,2.3174,97.8891820580475,1.6359666666666666,97.91666666666666,100.0,4.0
XYF,0.2077,0.2796,0.6638,1.8328,3.6367,1.1152,0.042699999999999995,0.041100000000000005,3.0,267610.0,1.53,17.62,0.0126,408355.0,X Financial ADR,Financial,Credit Services,449490000.0,3.68,17.62,China,90.01736111111111,59.46180555555556,93.93139841688655,96.22980251346499,97.87822878228782,95.83333333333334,0.24365,78.90625,2.0444333333333335,97.273526824978,1.2893,96.44097222222221,100.0,5.0
BTM,0.6794,1.4894,1.7209,0.8187000000000001,0.8571,1.1667,0.078,0.0874,1.0,587180.0,5.7,3.51,0.1623,3347705.0,Bitcoin Depot Inc,Financial,Capital Markets,225730000.0,,3.51,USA,98.35069444444444,97.39583333333334,97.8891820580475,91.65170556552962,88.05350553505535,96.00694444444444,1.0844,97.74305555555556,1.1322333333333334,94.45910290237467,1.1220333333333334,95.48611111111111,100.0,6.0
DEFT,-0.0286,0.6406999999999999,0.3404999999999999,0.7895,3.6832,0.375,0.0507,0.0643,1.0,1070000.0,1.74,3.74,0.059500000000000004,1868459.0,DeFi Technologies Inc,Financial,Capital Markets,1220000000.0,184.24,3.74,Canada,24.95659722222222,91.14583333333334,87.2471416007036,91.29263913824057,98.1549815498155,84.28819444444444,0.30605,86.80555555555556,1.6044,96.21811785400176,0.9667166666666667,94.61805555555556,83.3,7.0
CFSB,0.7448999999999999,0.7055,0.7404000000000001,0.9956,0.8049,1.0133,0.24989999999999998,0.1153,,8080.0,11.63,13.61,-0.0051,93946.0,CFSB Bancorp Inc,Financial,Banks - Regional,89120000.0,,13.61,USA,98.61111111111111,92.62152777777779,94.63500439753739,93.17773788150808,87.26937269372694,95.57291666666666,0.7252,96.35416666666666,0.8469666666666668,91.73262972735267,0.8341,93.14236111111111,100.0,8.0
OPFI,0.0299,0.3239,0.0718,0.7512000000000001,2.7464,0.5797,0.0501,0.0418,1.0,1240000.0,0.64,11.73,0.0353,792966.0,OppFi Inc,Financial,Credit Services,1020000000.0,,11.73,USA,64.53993055555556,68.14236111111111,61.829375549692166,90.66427289048474,96.95571955719558,90.58159722222221,0.1769,64.75694444444444,1.1898,94.81090589270009,0.7504833333333334,92.62152777777779,100.0,9.0
HOOD,0.0674,0.4503,0.2552,0.8506,2.108,0.7383,0.023,0.0332,1.77,48070000.0,0.56,64.77,0.014199999999999999,27079463.0,Robinhood Markets Inc,Financial,Capital Markets,57160000000.0,36.97,64.77,USA,73.74131944444444,81.94444444444444,81.61829375549692,91.83123877917416,95.66420664206642,93.05555555555556,0.25884999999999997,80.81597222222221,1.0712666666666666,93.75549692172383,0.7449666666666667,92.53472222222221,100.0,10.0
BOWN,0.1184,0.2114,1.9274,0.1163,0.1643,0.1071,0.0902,0.09820000000000001,,148060.0,0.01,12.09,0.1257,2194.0,Bowen Acquisition Corp,Financial,Shell Companies,36390000.0,37.4,12.09,USA,82.29166666666666,38.75868055555556,98.15303430079155,63.19569120287253,63.56088560885609,67.10069444444444,0.1649,61.197916666666664,0.7359999999999999,90.41336851363236,0.44081666666666663,87.32638888888889,100.0,11.0
DB,0.0081,0.1444,0.402,0.6643000000000001,0.6790999999999999,0.6692,0.0129,0.014199999999999999,2.26,4480000.0,0.97,28.46,0.0004,4352444.0,Deutsche Bank AG,Financial,Banks - Regional,55270000000.0,12.02,28.46,Germany,53.86284722222222,8.59375,89.79771328056289,89.31777378815082,85.7011070110701,92.1875,0.07625,19.74826388888889,0.5818,87.42304309586632,0.42785,87.06597222222221,100.0,12.0
SIEB,0.1033999999999999,0.1603,0.5815,0.5932999999999999,0.7718,0.3513,0.0723,0.046900000000000004,,48460.0,4.22,4.27,-0.004699999999999999,204332.0,Siebert Financial Corp,Financial,Capital Markets,172550000.0,9.37,4.27,USA,80.29513888888889,17.23090277777778,92.52418645558487,87.61220825852783,86.80811808118081,83.24652777777779,0.13184999999999994,49.73958333333333,0.6488666666666666,88.39050131926122,0.4269333333333334,86.97916666666666,100.0,13.0
BTCS,0.515,0.6833,0.1348,-0.0706,0.8144,0.2267,0.0794,0.1606,1.0,721620.0,4.69,3.03,0.114,3387511.0,BTCS Inc,Financial,Capital Markets,63920000.0,,3.03,USA,97.65625,92.1875,71.15215479331574,40.305206463195695,87.36162361623616,75.95486111111111,0.5991500000000001,95.22569444444444,0.29286666666666666,78.01231310466139,0.3839333333333334,85.24305555555556,83.3,14.0
TIGR,-0.0101,0.1973,0.0805,0.5681,0.9799,0.3715,0.015600000000000001,0.032799999999999996,1.89,6260000.0,0.3,8.86,-0.0078000000000000005,1864527.0,UP Fintech Holding Ltd ADR,Financial,Capital Markets,1500000000.0,24.86,8.86,Singapore,39.71354166666667,33.81076388888889,63.3245382585752,86.983842010772,89.76014760147602,83.85416666666666,0.0936,31.510416666666668,0.5428333333333334,86.19173262972735,0.3645333333333334,84.46180555555556,83.3,15.0
DXYZ,0.0615,0.3589,-0.1018999999999999,0.1857,1.8539,-0.2635,0.062,0.0421,,541780.0,1.43,43.35,0.1073,774231.0,Destiny Tech100 Inc,Financial,Asset Management,471640000.0,27.09,43.35,USA,72.04861111111111,73.52430555555556,31.310466138962177,69.21005385996409,95.01845018450184,19.010416666666664,0.2102,72.56944444444444,0.6459,88.30255057167986,0.3491,83.94097222222221,66.7,16.0
GREE,0.7451000000000001,1.2278,0.6481,-0.3407,-0.3754,0.1484,0.09449999999999999,0.1308,1.0,334530.0,4.76,1.78,0.28059999999999996,1592921.0,Greenidge Generation Holdings Inc,Financial,Capital Markets,27480000.0,,1.78,USA,98.69791666666666,96.44097222222221,93.75549692172383,13.330341113105925,22.047970479704798,70.3125,0.98645,97.48263888888889,-0.02266666666666667,43.88742304309587,0.34221666666666667,83.50694444444444,66.7,17.0
HCI,-0.0063,0.146,0.3883,0.5043,0.594,0.3997,0.0101,0.021099999999999997,1.67,144200.0,0.48,163.11,-0.0054,69705.0,HCI Group Inc,Financial,Insurance - Property & Casualty,1880000000.0,15.77,163.11,USA,43.18576388888889,9.375,89.44591029023746,85.72710951526032,83.11808118081181,85.72048611111111,0.06985,14.583333333333334,0.4955333333333333,85.40017590149517,0.3376666666666667,83.24652777777779,83.3,18.0
PLTU,-0.0916,0.3979,0.1674,,,0.8625,0.0495,0.0933,,4720000.0,0.86,51.89,0.0296,4079555.0,Direxion Daily PLTR Bull 2X Shares,Financial,Exchange Traded Fund,,,51.89,USA,2.430555555555556,78.55902777777779,74.67018469656992,,,94.44444444444444,0.15314999999999998,57.638888888888886,0.1674,67.72207563764292,0.33405,83.07291666666666,75.0,19.0
MKTW,0.0719,0.3112,0.5009,0.8364,-0.4072,0.6503,0.0187,0.0336,3.0,41380.0,0.68,17.75,0.038599999999999995,28171.0,Marketwise Inc,Financial,Financial Data & Stock Exchanges,290750000.0,1.62,17.75,USA,74.65277777777779,66.66666666666666,91.73262972735267,91.74147217235189,19.92619926199262,91.92708333333334,0.19155,68.48958333333334,0.3100333333333333,78.71591908531222,0.32725000000000004,82.55208333333334,83.3,20.0
ASM,0.1124,0.4347999999999999,1.1838,1.5826,1.8019,2.3712,0.0346,0.0536,1.0,3610000.0,1.05,2.97,0.0241,3806897.0,Avino Silver & Gold Mines Ltd,Basic Materials,Other Precious Metals & Mining,429970000.0,31.3,2.97,Canada,81.16319444444444,80.72916666666666,96.9217238346526,95.60143626570917,94.74169741697416,98.4375,0.27359999999999995,82.89930555555556,1.5227666666666666,95.9542656112577,1.2477833333333332,95.92013888888889,100.0,1.0
FMST,0.2322,2.7796,1.6396000000000002,0.3333,-0.1033999999999999,0.8841,0.11810000000000001,0.1338,1.0,248040.0,3.86,2.6,0.1159,956761.0,Foremost Clean Energy Ltd,Basic Materials,Other Industrial Metals & Mining,26880000.0,,2.6,Canada,91.75347222222221,98.78472222222221,97.71328056288479,78.85996409335728,43.17343173431734,94.87847222222221,1.5059,98.4375,0.6231666666666668,87.77484608619174,0.9609000000000002,94.53125,83.3,2.0
THM,0.2044,0.2448999999999999,0.6469,0.8582,0.0922,0.7905,0.042699999999999995,0.0782,1.0,449600.0,0.97,0.82,0.0638,434312.0,International Tower Hill Mines Ltd,Basic Materials,Gold,169510000.0,,0.82,Canada,89.67013888888889,50.607638888888886,93.66754617414247,92.01077199281868,57.28782287822878,93.75,0.22464999999999996,75.78125,0.5324333333333334,85.92788038698329,0.47285000000000005,87.93402777777779,100.0,3.0
CMP,-0.0236,0.5946,0.5814,0.29,0.4413,0.6923999999999999,0.0196,0.054900000000000004,1.8,730010.0,0.66,19.04,-0.0063,478980.0,Compass Minerals International Inc,Basic Materials,Other Industrial Metals & Mining,792460000.0,,19.04,USA,29.73090277777778,89.84375,92.43623570800352,77.10951526032316,79.0590405904059,92.44791666666666,0.28550000000000003,84.80902777777779,0.43756666666666666,84.25681618293756,0.42935000000000006,87.15277777777779,83.3,4.0
SBSW,0.2691,0.2325,0.7066,0.4094,0.0527,0.8151999999999999,0.0526,0.044500000000000005,3.14,10760000.0,1.99,5.99,0.0472,21410564.0,Sibanye Stillwater Limited ADR,Basic Materials,Other Precious Metals & Mining,4240000000.0,,5.99,South Africa,93.22916666666666,45.61631944444444,94.28320140721196,82.31597845601436,54.24354243542435,94.18402777777779,0.2508,79.90451388888889,0.38956666666666667,82.49780123131046,0.41425,86.63194444444444,100.0,5.0
ASPI,0.2264,0.3781,0.6352,-0.0127,0.4914,0.7219,0.0721,0.055099999999999996,1.0,2100000.0,1.99,7.8,0.0052,4185328.0,ASP Isotopes Inc,Basic Materials,Chemicals,585480000.0,,7.8,USA,91.23263888888889,75.78125,93.49164467897977,48.38420107719928,80.9040590405904,92.96875,0.30225,86.28472222222221,0.37129999999999996,81.88214599824099,0.40671666666666667,86.28472222222221,83.3,6.0
VZLA,0.1381,0.2307999999999999,0.3077,0.5281,0.5196000000000001,0.5906,0.0248,0.0384,1.17,2910000.0,0.55,2.72,0.0187,1598305.0,Vizsla Silver Corp,Basic Materials,Other Industrial Metals & Mining,788770000.0,,2.72,Canada,85.15625,45.22569444444444,85.04837291116975,86.26570915619389,81.45756457564576,90.97222222222221,0.18444999999999995,66.49305555555556,0.4518,84.43271767810026,0.38581666666666664,85.32986111111111,100.0,7.0
CTGO,0.19,0.3321,0.8270000000000001,-0.0294,-0.186,0.7814,0.038,0.0518,1.0,129169.99999999999,0.91,17.85,0.04019999999999999,117903.0,Contango Ore Inc,Basic Materials,Gold,224080000.0,,17.85,USA,88.88888888888889,69.44444444444444,94.89885664028144,46.05026929982047,35.97785977859779,93.57638888888889,0.26105,81.25,0.20386666666666672,70.53649956024626,0.3191833333333333,81.85763888888889,66.7,8.0
LOMA,0.0846,0.1451,0.1889,0.2138,0.7954000000000001,0.1173,0.021,0.0226,1.0,358970.0,1.02,13.34,0.0254,365929.0,Loma Negra Compania Industrial Argentina Sociedad Anonima ADR,Basic Materials,Building Materials,1590000000.0,15.81,13.34,Argentina,76.73611111111111,8.854166666666668,77.2207563764292,71.54398563734291,87.08487084870849,67.96875,0.11485000000000001,42.62152777777778,0.3993666666666667,82.67370272647318,0.25751666666666667,78.03819444444444,100.0,9.0
FSI,0.0399,0.1762999999999999,-0.2467,0.0748,1.1241,0.2415,0.0353,0.0394,1.0,40120.0,0.2,4.38,0.0069,8128.0,Flexible Solutions International Inc,Basic Materials,Specialty Chemicals,55400000.0,23.83,4.38,Canada,67.27430555555556,24.43576388888889,11.785400175901495,59.69479353680431,90.7749077490775,77.47395833333334,0.10809999999999995,39.67013888888889,0.31740000000000007,79.24362357080035,0.23498333333333335,76.04166666666666,83.3,10.0
GROY,0.1932999999999999,0.1932999999999999,0.2695,0.3560999999999999,-0.1353,0.4793,0.0287,0.0335,1.2,1510000.0,1.12,1.79,0.005600000000000001,1679899.0,Gold Royalty Corp,Basic Materials,Gold,305140000.0,,1.79,Canada,89.14930555555556,31.46701388888889,82.93755496921725,79.89228007181327,40.59040590405904,88.36805555555556,0.1932999999999999,69.09722222222221,0.16343333333333332,67.45822339489885,0.2260333333333333,75.17361111111111,83.3,11.0
SXT,-0.0077,0.1851,0.355,0.217,0.2401,0.3164,0.0042,0.032,2.0,398440.0,0.46,93.81,-0.0045000000000000005,184505.0,Sensient Technologies Corp,Basic Materials,Specialty Chemicals,3980000000.0,31.06,93.81,USA,42.27430555555556,28.29861111111111,87.95074758135443,72.08258527827648,68.72693726937268,81.59722222222221,0.08869999999999999,26.99652777777778,0.2707,76.34124890061565,0.21764999999999998,74.56597222222221,83.3,12.0
TGLS,0.0037,0.1982,0.2234,0.1471,0.5233,0.068,0.0074,0.0383,2.0,436840.0,0.86,84.71,-0.0022,377540.0,Tecnoglass Inc,Basic Materials,Building Materials,3980000000.0,22.91,84.71,Colombia,50.911458333333336,34.28819444444444,79.85927880386984,66.24775583482945,81.82656826568265,62.41319444444444,0.10095,35.85069444444444,0.29793333333333333,78.27616534740545,0.19394999999999998,72.22222222222221,100.0,13.0
SANW,0.0504999999999999,0.2086,-0.2394,1.513,-0.1992,-0.2861,0.0737,0.0754,1.0,7220.0,2.04,5.7,0.1409,14728.0,S&W Seed Co,Basic Materials,Agricultural Inputs,12240000.0,,5.7,USA,70.22569444444444,37.80381944444444,12.576956904133684,95.2423698384201,34.50184501845018,17.1875,0.12954999999999994,48.4375,0.35813333333333325,81.44239226033422,0.17456666666666662,69.70486111111111,50.0,14.0
ODC,0.0093,0.1408,0.1192,0.3988,0.1871999999999999,0.0906,0.0037,0.0111,,40270.0,0.81,47.79,-0.005,32600.0,Oil-Dri Corp. Of America,Basic Materials,Specialty Chemicals,646240000.0,15.53,47.79,USA,54.64409722222222,5.989583333333334,69.39313984168865,81.59784560143628,65.22140221402213,65.01736111111111,0.07505,18.57638888888889,0.23506666666666665,73.35092348284961,0.15764999999999998,67.1875,100.0,15.0
NWGL,0.2336,0.3101,0.2336,0.1496,-0.4172,0.4322,0.0504,0.0493,,96570.0,1.32,1.69,0.0432,127233.0,Nature Wood Group Ltd ADR,Basic Materials,Lumber & Wood Production,27970000.0,,1.69,China,92.05729166666666,66.05902777777779,80.56288478452068,66.78635547576302,19.464944649446494,87.06597222222221,0.27185,82.72569444444444,-0.011333333333333343,45.822339489885664,0.15698333333333334,67.10069444444444,83.3,16.0
ODV,0.0327999999999999,0.1739,0.3125,0.331,-0.2254,0.1595,0.0331,0.042300000000000004,,488410.0,0.41,1.89,0.0,197871.0,Osisko Development Corp,Basic Materials,Gold,258269999.99999997,,1.89,Canada,65.66840277777779,23.39409722222222,85.40017590149517,78.72531418312387,32.28782287822878,71.00694444444444,0.10334999999999994,36.63194444444444,0.13936666666666667,64.90765171503958,0.13071666666666662,63.020833333333336,83.3,17.0
CX,0.0219,0.2478,0.072,0.2774,-0.1094,0.2410999999999999,0.009899999999999999,0.018000000000000002,1.83,14960000.0,0.93,7.0,-0.0014000000000000002,13867535.0,Cemex S.A.B. De C.V. ADR,Basic Materials,Building Materials,10580000000.0,7.25,7.0,Mexico,61.067708333333336,51.302083333333336,61.961301671064206,76.39138240574506,42.71217712177122,77.21354166666666,0.13485,51.302083333333336,0.08,57.87159190853123,0.12513333333333332,61.892361111111114,83.3,18.0
PRM,-0.015,0.1626999999999999,0.179,-0.0446,0.4793,-0.0775,0.008100000000000001,0.0348,1.0,1170000.0,0.67,11.79,0.0077,780880.0,Perimeter Solutions Inc,Basic Materials,Specialty Chemicals,1740000000.0,15.05,11.79,USA,35.85069444444444,19.010416666666664,76.16534740545295,43.71633752244165,80.5350553505535,41.23263888888889,0.07384999999999994,17.62152777777778,0.20456666666666667,70.62445030782762,0.11398333333333331,60.06944444444444,50.0,19.0
CF,0.0311,0.1716,0.1413,0.0175,0.1317,0.0421,0.009399999999999999,0.014499999999999999,2.68,2790000.0,0.73,88.91,-0.0049,2029885.0,CF Industries Holdings Inc,Basic Materials,Agricultural Inputs,14400000000.0,11.73,88.91,USA,65.40798611111111,22.48263888888889,71.59190853122251,52.244165170556556,61.90036900369004,58.11631944444444,0.10135,35.9375,0.09683333333333333,60.334212840809144,0.08921666666666667,55.46875,100.0,20.0
FTK,-0.0143,1.2283,0.8406,0.8842,2.9816000000000003,0.5876,0.0148,0.085,1.0,311060.0,0.73,15.13,0.006,226086.0,Flotek Industries Inc,Energy,Oil & Gas Equipment & Services,451270000.0,33.14,15.13,USA,36.54513888888889,96.52777777777779,95.07475813544414,92.1903052064632,97.60147601476015,90.88541666666666,0.607,95.48611111111111,1.5688000000000002,96.04221635883906,1.0846666666666667,94.87847222222221,83.3,1.0
BROG,0.6148,0.6965,0.6769,0.5034000000000001,1.1165,0.3885,0.1284,0.0688,1.0,14240.0,14.64,2.18,0.2386,208532.0,Brooge Energy Limited,Energy,Oil & Gas Midstream,195300000.0,44.04,2.18,United Arab Emirates,98.09027777777779,92.44791666666666,94.1952506596306,85.63734290843806,90.68265682656826,84.98263888888889,0.6556500000000001,95.92013888888889,0.7656000000000001,90.76517150395779,0.6661,91.75347222222221,100.0,2.0
SOC,0.1507,0.7415999999999999,0.1334,0.4956,1.3725,0.41,0.0712,0.0518,1.0,1780000.0,3.83,32.29,-0.0019,6804129.0,Sable Offshore Corp,Energy,Oil & Gas Drilling,2890000000.0,,32.29,USA,85.9375,93.22916666666666,70.97625329815304,85.09874326750449,92.34317343173431,86.11111111111111,0.44614999999999994,92.36111111111111,0.6671666666666667,88.83025505716799,0.5506333333333333,90.01736111111111,100.0,3.0
CRK,-0.0484,0.2565,0.1883,0.6717,1.0458,0.2744,0.011399999999999999,0.0264,3.22,2300000.0,0.56,23.22,-0.0073,1277705.0,"Comstock Resources, Inc",Energy,Oil & Gas E&P,6800000000.0,,23.22,USA,12.890625,53.125,76.95690413368513,89.76660682226212,90.22140221402213,78.81944444444444,0.10405,36.97916666666667,0.6352666666666668,88.0386983289358,0.39805,85.85069444444444,83.3,4.0
SEI,0.1257,0.3148999999999999,-0.2928,0.2869,1.7462,-0.1164,0.0858,0.0464,1.0,1690000.0,1.54,25.43,0.1703,2591405.0,Solaris Energy Infrastructure Inc,Energy,Oil & Gas Equipment & Services,1720000000.0,51.45,25.43,USA,83.24652777777779,67.10069444444444,8.70712401055409,76.97486535008977,94.37269372693727,36.89236111111111,0.22029999999999994,74.56597222222221,0.5801,87.33509234828496,0.3440833333333333,83.68055555555556,66.7,5.0
LEU,-0.0326,0.385,-0.0519,0.2185,0.833,0.3987,0.008100000000000001,0.0496,1.5,674660.0,0.73,93.17,-0.0018,490122.0,Centrus Energy Corp,Energy,Uranium,1590000000.0,14.61,93.17,USA,21.571180555555554,76.69270833333334,40.105540897097626,72.262118491921,87.5461254612546,85.59027777777779,0.1762,64.49652777777779,0.3332,80.56288478452068,0.29178333333333334,80.72916666666666,66.7,6.0
RCON,0.3483,0.4907,0.1393,0.1321,0.4458,0.1483,0.12890000000000001,0.08380000000000001,1.0,11660.0,10.52,2.4,0.2565,122618.0,Recon Technology Ltd,Energy,Oil & Gas Equipment & Services,67170000.0,,2.4,China,96.09375,85.32986111111111,71.41600703605981,64.99102333931778,79.15129151291514,70.22569444444444,0.4195,91.84027777777779,0.23906666666666665,74.05452946350044,0.2840833333333333,80.38194444444444,100.0,7.0
PARR,0.0457,0.5382,0.3777,0.2097,-0.2465,0.313,0.0536,0.0349,1.88,1580000.0,1.67,21.52,0.0946,2643562.0,Par Pacific Holdings Inc,Energy,Oil & Gas Refining & Marketing,1110000000.0,,21.52,USA,68.57638888888889,87.84722222222221,89.09410729991205,71.00538599640933,30.53505535055351,81.42361111111111,0.29195,85.50347222222221,0.11363333333333331,62.00527704485488,0.2063,73.69791666666666,83.3,8.0
EQT,-0.0055,0.1424,0.1085,0.2577,0.3285,0.2078,0.008,0.0195,1.72,8640000.0,0.89,55.69,-0.0004,7729289.0,EQT Corp,Energy,Oil & Gas E&P,33340000000.000004,96.03,55.69,USA,43.66319444444444,6.944444444444445,67.72207563764292,75.22441651705566,72.87822878228782,75.0,0.06845,13.324652777777779,0.23156666666666667,73.08707124010554,0.17323333333333335,69.53125,83.3,9.0
TGS,-0.0172,0.1527,0.1233,0.0555,0.5893,0.0523,0.0268,0.0217,3.0,310300.0,1.06,30.8,0.0033,327383.0,Transportadora de Gas del Sur ADR,Energy,Oil & Gas Integrated,2140000000.0000002,11.54,30.8,Argentina,34.28819444444444,13.49826388888889,69.83289357959542,57.49551166965888,83.02583025830258,59.80902777777778,0.06775,12.977430555555555,0.25603333333333333,75.2858399296394,0.1593166666666667,67.36111111111111,83.3,10.0
CVI,-0.0192999999999999,0.3361,0.174,0.2521,-0.1893,0.2748,0.051100000000000007,0.0292,3.86,1090000.0,1.15,23.89,0.0732,1257780.0,CVR Energy Inc,Energy,Oil & Gas Refining & Marketing,2400000000.0,,23.89,USA,32.89930555555556,70.3125,75.54969217238346,74.86535008976661,35.37822878228782,78.90625,0.15840000000000004,58.854166666666664,0.07893333333333333,57.69569041336852,0.13806666666666667,64.49652777777779,66.7,11.0
NPKI,-0.0385999999999999,0.3868,0.2116,0.1133,0.0153,0.0378,0.0147,0.0541,1.0,899240.0,1.07,7.96,0.0089,960562.0,NPK International Inc,Energy,Oil & Gas Equipment & Services,672800000.0,14.43,7.96,USA,18.229166666666664,76.99652777777779,79.06772207563765,63.016157989228006,52.02952029520295,57.46527777777778,0.17410000000000003,63.888888888888886,0.1134,61.917326297273526,0.12103333333333333,61.37152777777778,83.3,12.0
AR,-0.0293,0.1388,0.0236,0.2221999999999999,0.0993999999999999,0.1141,0.011000000000000001,0.0206,1.88,5300000.0,0.5,39.05,-0.0015,2659190.0,Antero Resources Corp,Energy,Oil & Gas E&P,12130000000.0,53.92,39.05,USA,24.21875,5.46875,53.12225153913809,72.89048473967684,57.7490774907749,67.79513888888889,0.05475000000000001,6.423611111111111,0.11506666666666661,62.3570800351803,0.09479999999999998,56.770833333333336,83.3,13.0
DK,0.0593,0.4972999999999999,0.1801,0.0536,-0.3063,0.0626999999999999,0.0576,0.0371,3.14,1770000.0,1.83,19.66,0.0977,3234357.0,Delek US Holdings Inc,Energy,Oil & Gas Refining & Marketing,1190000000.0,,19.66,USA,71.83159722222221,85.76388888888889,76.34124890061565,57.00179533213644,26.660516605166052,61.63194444444444,0.27829999999999994,83.50694444444444,-0.0242,43.447669305189095,0.09111666666666662,55.90277777777778,83.3,14.0
CCJ,0.0236,0.2583,0.2146,-0.0553,-0.022,0.0276,0.013000000000000001,0.018799999999999997,1.24,4120000.0,0.74,52.81,0.0123,3045727.0,Cameco Corp,Energy,Uranium,22990000000.0,129.72,52.81,Canada,61.67534722222222,53.645833333333336,79.41952506596306,42.36983842010772,49.07749077490775,55.90277777777778,0.14095,53.21180555555556,0.04576666666666667,52.770448548812666,0.07446666666666667,52.34375,66.7,15.0
RRC,-0.0220999999999999,0.1574,0.0242,0.1507,0.0144,0.0953,0.0113,0.0187,2.38,3180000.0,0.69,39.41,0.0023,2205869.0,Range Resources Corp,Energy,Oil & Gas E&P,9420000000.0,35.33,39.41,USA,30.68576388888889,15.885416666666666,53.38610378188214,67.0556552962298,51.93726937269373,65.53819444444444,0.06765000000000006,12.847222222222221,0.0631,55.49692172383466,0.06998333333333336,51.47569444444444,83.3,16.0
MPC,-0.0387,0.1830999999999999,0.0335,-0.0064,-0.0975999999999999,0.139,0.0183,0.0175,2.0,2890000.0,0.82,158.89,0.013999999999999999,2364579.0,Marathon Petroleum Corp,Energy,Oil & Gas Refining & Marketing,48810000000.0,22.32,158.89,USA,18.098958333333336,27.17013888888889,55.23306948109059,49.012567324955114,43.63468634686347,69.61805555555556,0.07219999999999996,16.319444444444446,-0.023499999999999965,43.6235708003518,0.03548333333333334,44.61805555555556,50.0,17.0
BKV,-0.0359,0.2057999999999999,-0.069,0.0595,,-0.0858,0.022000000000000002,0.027000000000000003,1.12,457220.0,0.55,21.74,0.0226,249418.0,BKV Corp,Energy,Oil & Gas E&P,1840000000.0,,21.74,USA,19.270833333333336,36.84895833333333,36.93931398416886,58.25852782764811,,40.53819444444444,0.08494999999999994,24.65277777777778,-0.004750000000000004,46.5259454705365,0.014919999999999975,40.36458333333333,40.0,18.0
NGS,-0.0411,0.3156,-0.0917999999999999,-0.0388,0.0331,-0.1026,0.0339,0.0464,1.0,79560.0,0.68,24.05,0.0017000000000000001,54031.0,"Natural Gas Services Group, Inc",Energy,Oil & Gas Equipment & Services,301340000.0,17.77,24.05,USA,16.05902777777778,67.1875,32.71767810026385,44.34470377019748,53.228782287822874,37.84722222222222,0.13724999999999998,52.083333333333336,-0.032499999999999966,42.21635883905013,0.012400000000000013,39.75694444444444,33.3,19.0
WKC,-0.017,0.1305,-0.1175,-0.0233999999999999,0.0877999999999999,-0.0141999999999999,0.0098,0.0128,3.5,855960.0,0.52,27.12,-0.0011,445459.0,World Kinect Corp,Energy,Oil & Gas Refining & Marketing,1540000000.0,118.43,27.12,USA,34.46180555555556,0.26041666666666663,28.36411609498681,46.72351885098743,56.964944649446494,50.173611111111114,0.05675,7.291666666666667,-0.017699999999999994,44.854881266490764,0.007700000000000019,38.45486111111111,33.3,20.0
